-- --------------------------------------------------------
-- Host:                         127.0.0.1
-- Versione server:              10.1.9-MariaDB - mariadb.org binary distribution
-- S.O. server:                  Win32
-- HeidiSQL Versione:            10.1.0.5464
-- --------------------------------------------------------

/*!40101 SET @OLD_CHARACTER_SET_CLIENT=@@CHARACTER_SET_CLIENT */;
/*!40101 SET NAMES utf8 */;
/*!50503 SET NAMES utf8mb4 */;
/*!40014 SET @OLD_FOREIGN_KEY_CHECKS=@@FOREIGN_KEY_CHECKS, FOREIGN_KEY_CHECKS=0 */;
/*!40101 SET @OLD_SQL_MODE=@@SQL_MODE, SQL_MODE='NO_AUTO_VALUE_ON_ZERO' */;


-- Dump della struttura del database gestionale_giu2019
CREATE DATABASE IF NOT EXISTS `gestionale_giu2019` /*!40100 DEFAULT CHARACTER SET latin1 */;
USE `gestionale_giu2019`;

-- Dump della struttura di tabella gestionale_giu2019.comande
CREATE TABLE IF NOT EXISTS `comande` (
  `serata` date NOT NULL,
  `tavolo` int(10) unsigned NOT NULL,
  `indice` int(10) unsigned NOT NULL,
  `menu` varchar(50) NOT NULL,
  `responsabile` varchar(50) NOT NULL,
  `numero_soci` int(10) unsigned DEFAULT '0',
  `pagata` tinyint(1) NOT NULL DEFAULT '1',
  `attiva` tinyint(1) NOT NULL DEFAULT '1',
  `num_comanda` int(11) DEFAULT NULL,
  `data_creazione` timestamp NOT NULL DEFAULT CURRENT_TIMESTAMP,
  `data_aggiornamento` timestamp NOT NULL DEFAULT CURRENT_TIMESTAMP ON UPDATE CURRENT_TIMESTAMP,
  `annotazioni` text,
  `sconto_manuale` decimal(5,2) unsigned DEFAULT '0.00',
  `conto_inviato` tinyint(1) NOT NULL DEFAULT '0',
  PRIMARY KEY (`serata`,`tavolo`,`indice`),
  KEY `tavolocom_idx` (`tavolo`),
  KEY `seratacom_idx` (`serata`),
  KEY `indicecom_idx` (`indice`),
  KEY `menfissocom_idx` (`menu`),
  KEY `respcom_idx` (`responsabile`),
  CONSTRAINT `menfissocom` FOREIGN KEY (`menu`) REFERENCES `menu` (`nome_menu`) ON DELETE NO ACTION ON UPDATE CASCADE,
  CONSTRAINT `respcom` FOREIGN KEY (`responsabile`) REFERENCES `responsabili` (`nome`) ON DELETE NO ACTION ON UPDATE NO ACTION,
  CONSTRAINT `seratacom` FOREIGN KEY (`serata`) REFERENCES `serata` (`data`) ON DELETE CASCADE ON UPDATE CASCADE,
  CONSTRAINT `tavolocom` FOREIGN KEY (`tavolo`) REFERENCES `tavoli` (`numero_tavolo`) ON DELETE NO ACTION ON UPDATE CASCADE
) ENGINE=InnoDB DEFAULT CHARSET=utf8;

-- Dump dei dati della tabella gestionale_giu2019.comande: ~154 rows (circa)
/*!40000 ALTER TABLE `comande` DISABLE KEYS */;
INSERT INTO `comande` (`serata`, `tavolo`, `indice`, `menu`, `responsabile`, `numero_soci`, `pagata`, `attiva`, `num_comanda`, `data_creazione`, `data_aggiornamento`, `annotazioni`, `sconto_manuale`, `conto_inviato`) VALUES
	('2019-05-27', 101, 1, 'Standard', 'Beatrice Bazzica', 0, 1, 1, 1, '2019-05-27 14:55:30', '2019-05-27 15:18:45', '', 0.00, 1),
	('2019-05-27', 201, 1, 'Standard', 'Elisa Spuntarelli', 0, 1, 1, 2, '2019-05-27 15:12:46', '2019-05-27 15:12:46', '', 0.00, 0),
	('2019-05-27', 301, 1, 'Standard', 'Federico Porzi', 0, 1, 1, 3, '2019-05-28 17:57:51', '2019-05-28 17:57:51', '', 0.00, 0),
	('2019-05-30', 101, 1, 'Dama e Cavaliere', 'Chiara Laura Bartoli', 0, 1, 0, 10, '2019-05-30 21:40:00', '2019-06-01 14:22:08', 'sconto per vino scaricato in piu', 40.00, 1),
	('2019-05-30', 102, 1, 'Dama e Cavaliere', 'Chiara Laura Bartoli', 0, 0, 0, 18, '2019-05-30 22:02:03', '2019-05-31 10:43:45', 'Considerati Sponsor-Invitati', 0.00, 0),
	('2019-05-30', 103, 1, 'Dama e Cavaliere', 'Chiara Laura Bartoli', 0, 0, 0, 14, '2019-05-30 21:49:55', '2019-05-31 10:46:11', 'Considerati Sponsor-invitati 29+8', 0.00, 0),
	('2019-05-30', 104, 1, 'Dama e Cavaliere', 'Chiara Laura Bartoli', 0, 0, 0, 16, '2019-05-30 21:52:22', '2019-05-31 12:43:38', '', 0.00, 1),
	('2019-05-30', 105, 1, 'Dama e Cavaliere', 'Chiara Laura Bartoli', 0, 0, 0, 17, '2019-05-30 21:54:30', '2019-05-31 12:43:48', '', 0.00, 1),
	('2019-05-30', 106, 1, 'Dama e Cavaliere', 'Chiara Laura Bartoli', 0, 1, 0, 6, '2019-05-30 21:27:14', '2019-06-01 18:46:04', '', 0.00, 0),
	('2019-05-30', 107, 1, 'Dama e Cavaliere', 'Chiara Laura Bartoli', 0, 1, 0, 15, '2019-05-30 21:51:24', '2019-06-01 18:46:41', '', 0.00, 0),
	('2019-05-30', 108, 1, 'Dama e Cavaliere', 'Chiara Laura Bartoli', 0, 0, 0, 4, '2019-05-30 21:14:08', '2019-05-31 12:43:59', '', 0.00, 1),
	('2019-05-30', 109, 1, 'Dama e Cavaliere', 'Chiara Laura Bartoli', 0, 0, 0, 12, '2019-05-30 21:42:12', '2019-05-31 12:44:14', '', 0.00, 1),
	('2019-05-30', 110, 1, 'Dama e Cavaliere', 'Chiara Laura Bartoli', 0, 1, 0, 11, '2019-05-30 21:40:58', '2019-06-01 18:50:17', '', 0.00, 0),
	('2019-05-30', 111, 1, 'Dama e Cavaliere', 'Chiara Laura Bartoli', 0, 0, 0, 13, '2019-05-30 21:44:48', '2019-05-31 12:44:25', '', 0.00, 1),
	('2019-05-30', 113, 1, 'Dama e Cavaliere', 'Chiara Laura Bartoli', 0, 1, 0, 20, '2019-05-30 22:07:43', '2019-06-01 18:51:59', '', 0.00, 0),
	('2019-05-30', 201, 1, 'Dama e Cavaliere', 'Federica Tili', 0, 0, 0, 3, '2019-05-30 21:09:36', '2019-05-31 12:44:36', '', 0.00, 1),
	('2019-05-30', 202, 1, 'Dama e Cavaliere', 'Federica Tili', 0, 1, 0, 2, '2019-05-30 21:06:27', '2019-06-01 18:52:32', '', 0.00, 1),
	('2019-05-30', 203, 1, 'Dama e Cavaliere', 'Federica Tili', 0, 1, 0, 1, '2019-05-30 21:03:45', '2019-06-01 18:53:07', '', 0.00, 0),
	('2019-05-30', 204, 1, 'Dama e Cavaliere', 'Federica Tili', 0, 0, 0, 5, '2019-05-30 21:19:11', '2019-05-31 12:44:51', '', 0.00, 1),
	('2019-05-30', 401, 1, 'Dama e Cavaliere', 'Andrea Caldarelli', 0, 1, 0, 7, '2019-05-30 21:28:30', '2019-06-01 18:53:42', '', 0.00, 0),
	('2019-05-30', 402, 1, 'Dama e Cavaliere', 'Andrea Caldarelli', 0, 1, 0, 8, '2019-05-30 21:29:18', '2019-06-01 18:54:21', '', 0.00, 0),
	('2019-05-30', 403, 1, 'Dama e Cavaliere', 'Andrea Caldarelli', 0, 1, 0, 9, '2019-05-30 21:30:11', '2019-06-01 18:55:52', '', 0.00, 0),
	('2019-05-30', 404, 1, 'Dama e Cavaliere', 'Andrea Caldarelli', 0, 1, 0, 19, '2019-05-30 22:03:58', '2019-06-01 18:57:33', '', 0.00, 1),
	('2019-05-30', 999, 1, 'Standard', 'Francesca Filippini', 0, 1, 1, 21, '2019-05-31 09:54:49', '2019-06-01 18:59:05', '', 39.00, 0),
	('2019-05-31', 101, 1, 'Standard', 'Matteo Vinti', 0, 1, 1, 17, '2019-05-31 21:18:55', '2019-06-01 19:04:13', '', 0.00, 1),
	('2019-05-31', 102, 1, 'Standard', 'Matteo Vinti', 0, 1, 0, 30, '2019-05-31 21:54:58', '2019-06-01 19:08:02', '', 0.00, 1),
	('2019-05-31', 103, 1, 'Standard', 'Matteo Vinti', 2, 1, 0, 5, '2019-05-31 20:43:30', '2019-06-01 19:09:22', '', 0.00, 1),
	('2019-05-31', 103, 2, 'Standard', 'Matteo Vinti', 0, 1, 0, 32, '2019-05-31 21:58:01', '2019-06-01 19:10:18', '', 0.00, 1),
	('2019-05-31', 104, 1, 'Standard', 'Matteo Vinti', 1, 1, 0, 15, '2019-05-31 21:14:56', '2019-06-01 19:11:05', '', 0.00, 1),
	('2019-05-31', 104, 2, 'Standard', 'Matteo Vinti', 1, 1, 1, 39, '2019-05-31 22:25:35', '2019-06-01 19:04:30', '', 0.00, 1),
	('2019-05-31', 105, 1, 'Standard', 'Matteo Vinti', 0, 1, 0, 27, '2019-05-31 21:44:29', '2019-06-01 19:12:28', '', 0.00, 1),
	('2019-05-31', 106, 1, 'Standard', 'Matteo Vinti', 2, 1, 0, 4, '2019-05-31 20:43:29', '2019-06-01 19:11:35', '', 0.00, 1),
	('2019-05-31', 107, 1, 'Standard', 'Matteo Vinti', 0, 1, 1, 26, '2019-05-31 21:37:14', '2019-06-01 19:04:53', '', 0.00, 1),
	('2019-05-31', 108, 1, 'Standard', 'Matteo Vinti', 0, 1, 0, 11, '2019-05-31 20:53:55', '2019-06-01 19:12:55', '', 0.00, 1),
	('2019-05-31', 109, 1, 'Standard', 'Matteo Vinti', 0, 1, 0, 24, '2019-05-31 21:33:39', '2019-06-01 19:13:32', '', 0.00, 1),
	('2019-05-31', 110, 1, 'Standard', 'Matteo Vinti', 0, 1, 0, 22, '2019-05-31 21:25:56', '2019-06-01 19:14:09', '', 2.00, 1),
	('2019-05-31', 110, 2, 'Standard', 'Matteo Vinti', 0, 1, 1, 28, '2019-05-31 21:45:31', '2019-06-01 19:05:22', '', 0.00, 1),
	('2019-05-31', 111, 1, 'Standard', 'Matteo Vinti', 0, 1, 0, 3, '2019-05-31 20:33:31', '2019-06-01 19:15:14', '', 0.00, 1),
	('2019-05-31', 111, 2, 'Standard', 'Matteo Vinti', 0, 1, 1, 34, '2019-05-31 22:04:31', '2019-06-01 19:05:28', '', 0.00, 1),
	('2019-05-31', 112, 1, 'Standard', 'Matteo Vinti', 0, 1, 0, 40, '2019-05-31 22:37:16', '2019-06-01 19:16:39', '', 0.00, 1),
	('2019-05-31', 113, 1, 'Standard', 'Matteo Vinti', 0, 1, 0, 6, '2019-05-31 20:46:00', '2019-06-01 19:19:51', '', 0.00, 1),
	('2019-05-31', 113, 2, 'Standard', 'Matteo Vinti', 2, 1, 0, 42, '2019-05-31 22:53:25', '2019-06-01 19:24:13', '', 0.00, 1),
	('2019-05-31', 114, 1, 'Standard', 'Matteo Vinti', 4, 1, 0, 14, '2019-05-31 21:09:20', '2019-06-01 19:20:32', 'Brunelli', 0.00, 1),
	('2019-05-31', 115, 1, 'Standard', 'Matteo Vinti', 1, 1, 1, 12, '2019-05-31 21:00:42', '2019-06-01 19:05:56', '', 0.00, 1),
	('2019-05-31', 116, 1, 'Standard', 'Matteo Vinti', 0, 1, 1, 16, '2019-05-31 21:15:10', '2019-06-01 19:06:01', '', 0.00, 1),
	('2019-05-31', 117, 1, 'Standard', 'Matteo Vinti', 0, 1, 1, 21, '2019-05-31 21:25:49', '2019-06-01 19:06:04', '', 0.00, 1),
	('2019-05-31', 118, 1, 'Standard', 'Matteo Vinti', 0, 1, 0, 19, '2019-05-31 21:19:36', '2019-06-01 19:23:12', '', 0.00, 1),
	('2019-05-31', 118, 2, 'Standard', 'Matteo Vinti', 1, 1, 1, 41, '2019-05-31 22:50:50', '2019-06-01 19:06:10', '', 0.00, 1),
	('2019-05-31', 119, 1, 'Standard', 'Matteo Vinti', 0, 1, 1, 36, '2019-05-31 22:08:39', '2019-06-01 19:06:12', '', 0.00, 1),
	('2019-05-31', 201, 1, 'Standard', 'Federica Tili', 0, 1, 1, 9, '2019-05-31 20:51:14', '2019-06-01 19:06:15', '', 0.00, 1),
	('2019-05-31', 202, 1, 'Standard', 'Federica Tili', 0, 1, 1, 38, '2019-05-31 22:23:22', '2019-06-01 19:06:19', '', 0.00, 1),
	('2019-05-31', 203, 1, 'Standard', 'Federica Tili', 3, 0, 1, 20, '2019-05-31 21:24:58', '2019-06-01 19:06:48', 'carlo', 0.00, 1),
	('2019-05-31', 204, 1, 'Standard', 'Federica Tili', 2, 1, 1, 1, '2019-05-31 20:22:03', '2019-06-01 19:06:52', '', 0.00, 1),
	('2019-05-31', 205, 1, 'Standard', 'Federica Tili', 1, 1, 1, 25, '2019-05-31 21:36:00', '2019-06-01 19:06:56', '', 0.00, 1),
	('2019-05-31', 206, 1, 'Standard', 'Federica Tili', 0, 1, 1, 29, '2019-05-31 21:50:44', '2019-06-01 19:06:59', '', 0.00, 1),
	('2019-05-31', 301, 1, 'Standard', 'Leonardo Cecconi', 0, 1, 1, 23, '2019-05-31 21:27:59', '2019-06-01 19:07:02', '', 0.00, 1),
	('2019-05-31', 302, 1, 'Standard', 'Leonardo Cecconi', 0, 1, 1, 37, '2019-05-31 22:10:10', '2019-06-01 19:07:05', '', 0.00, 1),
	('2019-05-31', 303, 1, 'Standard', 'Leonardo Cecconi', 0, 1, 1, 43, '2019-05-31 22:56:13', '2019-06-01 19:07:09', '', 0.00, 1),
	('2019-05-31', 306, 1, 'Standard', 'Leonardo Cecconi', 0, 0, 1, 35, '2019-05-31 22:07:36', '2019-06-01 19:07:12', 'carlo', 0.00, 1),
	('2019-05-31', 307, 1, 'Standard', 'Leonardo Cecconi', 0, 1, 1, 2, '2019-05-31 20:28:22', '2019-06-01 19:07:16', '', 0.00, 1),
	('2019-05-31', 307, 2, 'Standard', 'Leonardo Cecconi', 0, 1, 1, 18, '2019-05-31 21:19:12', '2019-06-01 19:07:19', '', 0.00, 1),
	('2019-05-31', 309, 1, 'Standard', 'Leonardo Cecconi', 1, 1, 1, 7, '2019-05-31 20:47:52', '2019-06-01 19:07:22', '', 1.00, 1),
	('2019-05-31', 309, 2, 'Standard', 'Leonardo Cecconi', 0, 1, 1, 10, '2019-05-31 20:51:37', '2019-06-01 19:07:25', '', 0.00, 1),
	('2019-05-31', 501, 1, 'Standard', 'Matilde Lorenzini', 0, 1, 1, 8, '2019-05-31 20:49:30', '2019-06-01 19:07:28', '', 0.00, 1),
	('2019-05-31', 702, 1, 'Standard', 'Andrea Caldarelli', 0, 1, 1, 13, '2019-05-31 21:06:02', '2019-06-01 19:07:34', '', 2.00, 1),
	('2019-05-31', 999, 1, 'Standard', 'Francesca Filippini', 1, 1, 1, 31, '2019-05-31 21:56:49', '2019-06-01 19:07:38', '', 1.00, 1),
	('2019-05-31', 999, 2, 'Standard', 'Francesca Filippini', 1, 0, 1, 33, '2019-05-31 22:03:11', '2019-06-01 19:07:46', 'PAGA BEATRICE', 1.00, 1),
	('2019-05-31', 999, 3, 'Standard', 'Francesca Filippini', 1, 1, 1, 44, '2019-05-31 23:06:38', '2019-06-01 19:07:49', '', 1.00, 1),
	('2019-06-01', 101, 1, 'Standard', 'Chiara Laura Bartoli', 0, 1, 1, 30, '2019-06-01 20:52:55', '2019-06-02 11:09:38', '', 0.00, 1),
	('2019-06-01', 102, 1, 'Standard', 'Chiara Laura Bartoli', 0, 1, 1, 6, '2019-06-01 20:21:57', '2019-06-02 11:16:48', '', 0.00, 1),
	('2019-06-01', 102, 2, 'Standard', 'Chiara Laura Bartoli', 0, 1, 0, 67, '2019-06-01 21:52:11', '2019-06-01 23:40:04', '', 0.00, 1),
	('2019-06-01', 103, 1, 'Standard', 'Chiara Laura Bartoli', 0, 1, 1, 23, '2019-06-01 20:43:41', '2019-06-02 11:29:52', '', 0.00, 1),
	('2019-06-01', 103, 2, 'Standard', 'Chiara Laura Bartoli', 0, 1, 0, 54, '2019-06-01 21:29:18', '2019-06-01 23:14:04', '', 0.00, 1),
	('2019-06-01', 104, 1, 'Standard', 'Chiara Laura Bartoli', 0, 1, 1, 53, '2019-06-01 21:28:39', '2019-06-02 11:41:32', '', 0.00, 1),
	('2019-06-01', 105, 1, 'Standard', 'Chiara Laura Bartoli', 0, 1, 1, 11, '2019-06-01 20:28:42', '2019-06-02 11:23:16', '', 0.00, 1),
	('2019-06-01', 105, 2, 'Standard', 'Chiara Laura Bartoli', 1, 1, 0, 52, '2019-06-01 21:27:18', '2019-06-01 22:53:12', '', 0.00, 1),
	('2019-06-01', 105, 3, 'Standard', 'Chiara Laura Bartoli', 4, 1, 1, 70, '2019-06-01 22:01:58', '2019-06-02 11:43:48', '', 0.00, 1),
	('2019-06-01', 106, 1, 'Standard', 'Chiara Laura Bartoli', 2, 1, 1, 48, '2019-06-01 21:24:14', '2019-06-02 11:40:27', '', 0.00, 1),
	('2019-06-01', 107, 1, 'Standard', 'Chiara Laura Bartoli', 0, 1, 1, 25, '2019-06-01 20:48:23', '2019-06-02 11:30:25', '', 0.00, 1),
	('2019-06-01', 107, 2, 'Standard', 'Chiara Laura Bartoli', 1, 1, 0, 68, '2019-06-01 21:59:09', '2019-06-02 12:44:47', '', 0.00, 1),
	('2019-06-01', 108, 1, 'Standard', 'Chiara Laura Bartoli', 0, 1, 0, 73, '2019-06-01 22:10:01', '2019-06-01 23:53:08', '', 0.00, 1),
	('2019-06-01', 109, 1, 'Standard', 'Chiara Laura Bartoli', 0, 1, 1, 14, '2019-06-01 20:32:49', '2019-06-02 11:24:34', '', 0.00, 1),
	('2019-06-01', 109, 2, 'Standard', 'Chiara Laura Bartoli', 0, 1, 1, 22, '2019-06-01 20:42:52', '2019-06-02 11:29:15', '', 0.00, 1),
	('2019-06-01', 109, 3, 'Standard', 'Chiara Laura Bartoli', 0, 1, 0, 76, '2019-06-01 22:20:28', '2019-06-01 23:52:21', '', 0.00, 1),
	('2019-06-01', 110, 1, 'Standard', 'Chiara Laura Bartoli', 0, 1, 1, 12, '2019-06-01 20:29:32', '2019-06-02 11:24:06', '', 0.00, 1),
	('2019-06-01', 110, 2, 'Standard', 'Chiara Laura Bartoli', 0, 1, 0, 49, '2019-06-01 21:24:57', '2019-06-01 22:52:58', '', 0.00, 1),
	('2019-06-01', 111, 1, 'Standard', 'Chiara Laura Bartoli', 1, 1, 0, 32, '2019-06-01 20:55:36', '2019-06-01 22:32:04', '', 0.00, 1),
	('2019-06-01', 111, 2, 'Standard', 'Chiara Laura Bartoli', 0, 1, 0, 79, '2019-06-01 22:45:27', '2019-06-02 00:26:24', '', 0.00, 1),
	('2019-06-01', 112, 1, 'Standard', 'Chiara Laura Bartoli', 0, 1, 0, 40, '2019-06-01 21:07:58', '2019-06-01 22:29:43', '', 0.00, 1),
	('2019-06-01', 112, 2, 'Standard', 'Chiara Laura Bartoli', 0, 1, 1, 77, '2019-06-01 22:22:52', '2019-06-02 12:02:07', '', 0.00, 1),
	('2019-06-01', 113, 1, 'Standard', 'Chiara Laura Bartoli', 13, 1, 1, 21, '2019-06-01 20:42:39', '2019-06-02 11:28:40', '', 0.00, 1),
	('2019-06-01', 113, 2, 'Standard', 'Chiara Laura Bartoli', 1, 1, 0, 84, '2019-06-01 23:28:49', '2019-06-01 23:44:24', '', 1.00, 1),
	('2019-06-01', 114, 1, 'Standard', 'Chiara Laura Bartoli', 0, 1, 0, 45, '2019-06-01 21:19:58', '2019-06-01 22:38:34', '', 0.00, 1),
	('2019-06-01', 114, 2, 'Standard', 'Chiara Laura Bartoli', 0, 1, 0, 50, '2019-06-01 21:26:27', '2019-06-01 22:40:52', '', 0.00, 1),
	('2019-06-01', 115, 1, 'Standard', 'Chiara Laura Bartoli', 0, 0, 0, 4, '2019-06-01 20:14:18', '2019-06-02 22:53:11', '', 0.00, 1),
	('2019-06-01', 115, 2, 'Standard', 'Chiara Laura Bartoli', 0, 1, 1, 58, '2019-06-01 21:33:23', '2019-06-02 11:42:40', '', 0.00, 1),
	('2019-06-01', 115, 3, 'Standard', 'Chiara Laura Bartoli', 0, 0, 0, 64, '2019-06-01 21:49:09', '2019-06-02 22:54:24', 'DA CHIUDERE', 1.00, 0),
	('2019-06-01', 115, 4, 'Standard', 'Chiara Laura Bartoli', 0, 1, 0, 66, '2019-06-01 21:51:30', '2019-06-01 23:14:47', '', 0.00, 1),
	('2019-06-01', 116, 1, 'Standard', 'Chiara Laura Bartoli', 4, 1, 1, 59, '2019-06-01 21:35:57', '2019-06-02 11:43:09', '', 0.00, 1),
	('2019-06-01', 117, 1, 'Standard', 'Chiara Laura Bartoli', 0, 1, 1, 1, '2019-06-01 20:04:12', '2019-06-02 11:56:43', '', 0.00, 1),
	('2019-06-01', 117, 2, 'Standard', 'Chiara Laura Bartoli', 3, 1, 1, 8, '2019-06-01 20:25:18', '2019-06-02 11:22:11', '', 0.00, 1),
	('2019-06-01', 118, 1, 'Standard', 'Chiara Laura Bartoli', 0, 1, 0, 69, '2019-06-01 22:01:34', '2019-06-01 23:52:52', '', 0.00, 1),
	('2019-06-01', 119, 1, 'Standard', 'Chiara Laura Bartoli', 0, 1, 0, 43, '2019-06-01 21:14:29', '2019-06-02 00:02:17', '', 0.00, 1),
	('2019-06-01', 119, 2, 'Standard', 'Chiara Laura Bartoli', 1, 1, 0, 86, '2019-06-01 23:56:34', '2019-06-02 00:27:05', '', 0.00, 1),
	('2019-06-01', 201, 1, 'Standard', 'Federica Tili', 4, 1, 0, 35, '2019-06-01 20:59:00', '2019-06-01 22:27:56', '', 0.00, 1),
	('2019-06-01', 202, 1, 'Standard', 'Federica Tili', 0, 1, 1, 34, '2019-06-01 20:58:13', '2019-06-02 11:38:48', '', 0.00, 1),
	('2019-06-01', 202, 2, 'Standard', 'Federica Tili', 0, 1, 0, 46, '2019-06-01 21:20:51', '2019-06-01 22:45:48', '', 0.00, 1),
	('2019-06-01', 202, 3, 'Standard', 'Federica Tili', 1, 1, 0, 83, '2019-06-01 23:11:25', '2019-06-01 23:53:23', '', 0.00, 1),
	('2019-06-01', 203, 1, 'Standard', 'Federica Tili', 0, 1, 1, 38, '2019-06-01 21:04:30', '2019-06-02 11:39:25', '', 0.00, 1),
	('2019-06-01', 203, 2, 'Standard', 'Federica Tili', 0, 1, 1, 47, '2019-06-01 21:21:55', '2019-06-02 11:39:56', '', 0.00, 1),
	('2019-06-01', 204, 1, 'Standard', 'Federica Tili', 0, 1, 1, 19, '2019-06-01 20:41:19', '2019-06-02 11:27:31', '', 0.00, 1),
	('2019-06-01', 204, 2, 'Standard', 'Federica Tili', 0, 1, 1, 20, '2019-06-01 20:42:04', '2019-06-02 11:28:07', '', 0.00, 1),
	('2019-06-01', 204, 3, 'Standard', 'Federica Tili', 2, 1, 0, 61, '2019-06-01 21:40:29', '2019-06-01 22:53:49', '', 0.00, 1),
	('2019-06-01', 205, 1, 'Standard', 'Federica Tili', 5, 1, 1, 31, '2019-06-01 20:55:25', '2019-06-02 11:37:29', '', 0.00, 1),
	('2019-06-01', 205, 2, 'Standard', 'Federica Tili', 2, 1, 0, 82, '2019-06-01 23:07:51', '2019-06-02 00:02:33', '', 0.00, 1),
	('2019-06-01', 206, 1, 'Standard', 'Federica Tili', 0, 1, 1, 3, '2019-06-01 20:09:27', '2019-06-02 11:13:07', '', 0.00, 1),
	('2019-06-01', 206, 2, 'Standard', 'Federica Tili', 0, 1, 0, 39, '2019-06-01 21:06:09', '2019-06-01 22:23:07', '', 0.00, 1),
	('2019-06-01', 301, 1, 'Standard', 'Leonardo Cecconi', 0, 1, 1, 33, '2019-06-01 20:55:51', '2019-06-02 11:38:03', '', 0.00, 1),
	('2019-06-01', 302, 1, 'Standard', 'Leonardo Cecconi', 5, 1, 0, 57, '2019-06-01 21:32:06', '2019-06-01 22:38:02', '', 0.00, 1),
	('2019-06-01', 303, 1, 'Standard', 'Leonardo Cecconi', 0, 1, 1, 15, '2019-06-01 20:32:57', '2019-06-02 11:25:14', '', 0.00, 1),
	('2019-06-01', 303, 2, 'Standard', 'Leonardo Cecconi', 0, 1, 0, 56, '2019-06-01 21:31:29', '2019-06-01 22:30:37', '', 0.00, 1),
	('2019-06-01', 304, 1, 'Standard', 'Leonardo Cecconi', 0, 1, 1, 26, '2019-06-01 20:48:45', '2019-06-02 11:31:00', '', 0.00, 1),
	('2019-06-01', 304, 2, 'Standard', 'Leonardo Cecconi', 0, 1, 0, 41, '2019-06-01 21:09:28', '2019-06-01 22:42:16', '', 0.00, 1),
	('2019-06-01', 304, 3, 'Standard', 'Leonardo Cecconi', 0, 1, 0, 80, '2019-06-01 23:00:35', '2019-06-01 23:39:47', '', 0.00, 1),
	('2019-06-01', 305, 1, 'Standard', 'Leonardo Cecconi', 6, 1, 1, 29, '2019-06-01 20:52:18', '2019-06-02 11:32:22', '', 0.00, 1),
	('2019-06-01', 306, 1, 'Standard', 'Leonardo Cecconi', 0, 0, 0, 9, '2019-06-01 20:26:47', '2019-06-01 23:56:51', 'Amoni ', 0.00, 1),
	('2019-06-01', 307, 1, 'Standard', 'Leonardo Cecconi', 1, 1, 0, 42, '2019-06-01 21:13:27', '2019-06-01 22:38:50', '', 0.00, 1),
	('2019-06-01', 307, 2, 'Standard', 'Leonardo Cecconi', 1, 1, 0, 81, '2019-06-01 23:07:06', '2019-06-02 00:25:38', '', 0.00, 1),
	('2019-06-01', 308, 1, 'Standard', 'Leonardo Cecconi', 0, 1, 1, 2, '2019-06-01 20:05:48', '2019-06-02 11:58:05', '', 0.00, 1),
	('2019-06-01', 308, 2, 'Standard', 'Leonardo Cecconi', 0, 1, 0, 71, '2019-06-01 22:03:39', '2019-06-01 23:58:49', '', 0.00, 1),
	('2019-06-01', 309, 1, 'Standard', 'Leonardo Cecconi', 0, 1, 1, 10, '2019-06-01 20:27:52', '2019-06-02 11:22:52', '', 0.00, 1),
	('2019-06-01', 401, 1, 'Standard', 'Virginia Squadroni', 0, 1, 1, 18, '2019-06-01 20:36:03', '2019-06-02 11:26:46', '', 0.00, 1),
	('2019-06-01', 402, 1, 'Standard', 'Virginia Squadroni', 0, 1, 1, 5, '2019-06-01 20:21:08', '2019-06-02 11:15:03', '', 0.00, 1),
	('2019-06-01', 403, 1, 'Standard', 'Virginia Squadroni', 0, 1, 1, 51, '2019-06-01 21:26:44', '2019-06-02 11:40:56', '', 0.00, 1),
	('2019-06-01', 403, 2, 'Standard', 'Virginia Squadroni', 0, 1, 0, 63, '2019-06-01 21:41:19', '2019-06-01 22:53:39', '', 0.00, 1),
	('2019-06-01', 404, 1, 'Standard', 'Virginia Squadroni', 1, 1, 0, 17, '2019-06-01 20:35:15', '2019-06-01 21:00:07', '', 0.00, 1),
	('2019-06-01', 404, 2, 'Standard', 'Virginia Squadroni', 2, 1, 1, 55, '2019-06-01 21:30:09', '2019-06-02 11:42:06', '', 0.00, 1),
	('2019-06-01', 405, 1, 'Standard', 'Virginia Squadroni', 0, 1, 1, 27, '2019-06-01 20:49:08', '2019-06-02 11:31:37', '', 0.00, 1),
	('2019-06-01', 405, 2, 'Standard', 'Virginia Squadroni', 2, 1, 0, 78, '2019-06-01 22:36:25', '2019-06-02 00:05:54', '', 0.00, 1),
	('2019-06-01', 505, 1, 'Standard', 'Matilde Lorenzini', 0, 1, 0, 28, '2019-06-01 20:51:21', '2019-06-01 22:43:14', '', 0.00, 1),
	('2019-06-01', 601, 1, 'Menù completo', 'Matilde Lorenzini', 0, 0, 1, 44, '2019-06-01 21:18:25', '2019-06-02 12:46:40', 'errore su ordinazione', 93.00, 1),
	('2019-06-01', 601, 2, 'Standard', 'Matilde Lorenzini', 0, 0, 0, 75, '2019-06-01 22:16:54', '2019-06-02 22:58:37', 'MENU FISSO 22 - ERRORE', 1.00, 0),
	('2019-06-01', 901, 1, 'Standard', 'Francesca Filippini', 0, 1, 1, 7, '2019-06-01 20:23:27', '2019-06-02 11:21:28', '', 0.00, 1),
	('2019-06-01', 901, 2, 'Standard', 'Francesca Filippini', 0, 1, 0, 62, '2019-06-01 21:40:31', '2019-06-01 22:43:04', '', 0.00, 1),
	('2019-06-01', 902, 1, 'Standard', 'Francesca Filippini', 0, 1, 0, 37, '2019-06-01 21:02:17', '2019-06-01 22:44:12', '', 0.00, 1),
	('2019-06-01', 903, 1, 'Standard', 'Francesca Filippini', 0, 1, 1, 16, '2019-06-01 20:33:52', '2019-06-02 11:26:08', '', 0.00, 1),
	('2019-06-01', 903, 2, 'Standard', 'Francesca Filippini', 0, 1, 0, 65, '2019-06-01 21:50:56', '2019-06-01 22:32:23', '', 0.00, 1),
	('2019-06-01', 904, 1, 'Standard', 'Francesca Filippini', 0, 1, 0, 60, '2019-06-01 21:39:39', '2019-06-01 22:38:22', '', 0.00, 1),
	('2019-06-01', 999, 1, 'Standard', 'Francesca Filippini', 0, 1, 0, 13, '2019-06-01 20:31:37', '2019-06-01 20:49:03', '', 1.00, 1),
	('2019-06-01', 999, 2, 'Standard', 'Francesca Filippini', 1, 1, 0, 24, '2019-06-01 20:44:10', '2019-06-01 20:46:37', '', 1.00, 1),
	('2019-06-01', 999, 3, 'Standard', 'Francesca Filippini', 1, 1, 0, 36, '2019-06-01 21:02:10', '2019-06-01 21:03:49', '', 1.00, 1),
	('2019-06-01', 999, 4, 'Standard', 'Francesca Filippini', 0, 1, 0, 72, '2019-06-01 22:08:01', '2019-06-01 23:30:39', '', 1.00, 1),
	('2019-06-01', 999, 5, 'Standard', 'Francesca Filippini', 1, 1, 0, 74, '2019-06-01 22:13:23', '2019-06-01 23:17:28', '', 1.00, 1),
	('2019-06-01', 999, 6, 'Standard', 'Francesca Filippini', 0, 1, 0, 85, '2019-06-01 23:50:38', '2019-06-01 23:52:07', '', 1.00, 1),
	('2019-06-13', 101, 1, 'Standard', 'Alessandro Del Gatto', 0, 1, 1, 1, '2019-08-19 21:03:05', '2019-08-19 21:03:05', '', 0.00, 0),
	('2019-06-13', 201, 1, 'Standard', 'Alessandro Del Gatto', 0, 1, 1, 2, '2019-08-19 21:09:40', '2019-08-19 21:09:40', '', 0.00, 0),
	('2019-06-13', 303, 1, 'Standard', 'Alessandro Del Gatto', 0, 1, 1, 4, '2019-08-25 10:39:39', '2019-08-25 10:39:39', '', 0.00, 0),
	('2019-06-13', 999, 1, 'Standard', 'Alessandro Del Gatto', 0, 1, 1, 3, '2019-08-23 00:21:38', '2019-08-23 00:21:38', '', 0.00, 0);
/*!40000 ALTER TABLE `comande` ENABLE KEYS */;

-- Dump della struttura di tabella gestionale_giu2019.composizionemenu
CREATE TABLE IF NOT EXISTS `composizionemenu` (
  `menu` varchar(50) NOT NULL,
  `portata` varchar(100) NOT NULL,
  `data_creazione` timestamp NOT NULL DEFAULT CURRENT_TIMESTAMP,
  `data_aggiornamento` timestamp NOT NULL DEFAULT CURRENT_TIMESTAMP ON UPDATE CURRENT_TIMESTAMP,
  PRIMARY KEY (`menu`,`portata`),
  KEY `nome portata_idx` (`portata`),
  CONSTRAINT `nome menu` FOREIGN KEY (`menu`) REFERENCES `menu` (`nome_menu`) ON DELETE CASCADE ON UPDATE CASCADE,
  CONSTRAINT `nome portata` FOREIGN KEY (`portata`) REFERENCES `portata` (`nome_portata`) ON DELETE CASCADE ON UPDATE CASCADE
) ENGINE=InnoDB DEFAULT CHARSET=utf8;

-- Dump dei dati della tabella gestionale_giu2019.composizionemenu: ~405 rows (circa)
/*!40000 ALTER TABLE `composizionemenu` DISABLE KEYS */;
INSERT INTO `composizionemenu` (`menu`, `portata`, `data_creazione`, `data_aggiornamento`) VALUES
	('Dama e Cavaliere', 'Acqua frizzante l. 1 FISSO', '2019-05-28 01:39:07', '2019-05-28 01:39:07'),
	('Dama e Cavaliere', 'Acqua naturale l. 1 FISSO', '2019-05-28 01:39:07', '2019-05-28 01:39:07'),
	('Dama e Cavaliere', 'Cheesecake FISSO', '2019-05-28 01:39:07', '2019-05-28 01:39:07'),
	('Dama e Cavaliere', 'Pancia di maiale croccante con patate al forno FISSO', '2019-05-28 01:39:07', '2019-05-28 01:39:07'),
	('Dama e Cavaliere', 'Pane e Coperto', '2019-05-28 01:39:07', '2019-05-28 01:39:07'),
	('Dama e Cavaliere', 'Risotto salsiccia, zafferano e crema di burrata FISSO', '2019-05-28 01:39:07', '2019-05-28 01:39:07'),
	('Dama e Cavaliere', 'Tortino di porcini e patate con crema di pomodoro FISSO', '2019-05-28 01:39:07', '2019-05-28 01:39:07'),
	('Dama e Cavaliere', 'Vino Pietramala IGT Terre Margaritelli FISSO', '2019-05-28 01:39:07', '2019-05-28 01:39:07'),
	('Dama e Cavaliere', 'Vino Roccascossa 2017 IGP TERRE MARGARITELLI FISSO', '2019-05-28 01:39:07', '2019-05-28 01:39:07'),
	('Men&amp;amp;ugrave; completo', 'Acqua frizzante l. 1 FISSO', '2019-06-01 19:43:45', '2019-06-01 19:43:45'),
	('Men&amp;amp;ugrave; completo', 'Acqua naturale l. 1 FISSO', '2019-06-01 19:43:45', '2019-06-01 19:43:45'),
	('Men&amp;amp;ugrave; completo', 'Antipasto Sette Selle FISSO', '2019-06-01 19:43:45', '2019-06-01 19:43:45'),
	('Men&amp;amp;ugrave; completo', 'Bruschette all Olio con prosciutto nostrano al coltello FISSO', '2019-06-01 19:43:45', '2019-06-01 19:43:45'),
	('Men&amp;amp;ugrave; completo', 'Bruschette con crema di fave e pecorino FISSO', '2019-06-01 19:43:45', '2019-06-01 19:43:45'),
	('Men&amp;amp;ugrave; completo', 'Capunti all ortolana FISSO', '2019-06-01 19:43:45', '2019-06-01 19:43:45'),
	('Men&amp;amp;ugrave; completo', 'Cheesecake FISSO', '2019-06-01 19:43:45', '2019-06-01 19:43:45'),
	('Men&amp;amp;ugrave; completo', 'Erba spadellata FISSO', '2019-06-01 19:43:45', '2019-06-01 19:43:45'),
	('Men&amp;amp;ugrave; completo', 'Faraona alla ghiotta su crostone di pane FISSO', '2019-06-01 19:43:45', '2019-06-01 19:43:45'),
	('Men&amp;amp;ugrave; completo', 'GF Antipasto Sette Selle FISSO', '2019-06-01 19:43:45', '2019-06-01 19:43:45'),
	('Men&amp;amp;ugrave; completo', 'GF Bruschette all Olio con prosciutto nostrano al coltello FISSO', '2019-06-01 19:43:45', '2019-06-01 19:43:45'),
	('Men&amp;amp;ugrave; completo', 'GF Bruschette con crema di fave e pecorino FISSO', '2019-06-01 19:43:45', '2019-06-01 19:43:45'),
	('Men&amp;amp;ugrave; completo', 'GF Cheesecake FISSO', '2019-06-01 19:43:45', '2019-06-01 19:43:45'),
	('Men&amp;amp;ugrave; completo', 'GF Erba spadellata FISSO', '2019-06-01 19:43:45', '2019-06-01 19:43:45'),
	('Men&amp;amp;ugrave; completo', 'GF Faraona alla ghiotta su crostone di pane FISSO', '2019-06-01 19:43:45', '2019-06-01 19:43:45'),
	('Men&amp;amp;ugrave; completo', 'GF Guancia di maiale al vino rosso con erba spadellata FISSO', '2019-06-01 19:43:45', '2019-06-01 19:43:45'),
	('Men&amp;amp;ugrave; completo', 'GF Misticanza di bruschette FISSO', '2019-06-01 19:43:45', '2019-06-01 19:43:45'),
	('Men&amp;amp;ugrave; completo', 'GF Misticanza FISSO', '2019-06-01 19:43:45', '2019-06-01 19:43:45'),
	('Men&amp;amp;ugrave; completo', 'GF Pancia di maiale croccante con patate al forno FISSO', '2019-06-01 19:43:45', '2019-06-01 19:43:45'),
	('Men&amp;amp;ugrave; completo', 'GF Pappa al pomodoro con pesto di basilico e crostini croccanti FISSO', '2019-06-01 19:43:45', '2019-06-01 19:43:45'),
	('Men&amp;amp;ugrave; completo', 'GF Patate arrosto FISSO', '2019-06-01 19:43:45', '2019-06-01 19:43:45'),
	('Men&amp;amp;ugrave; completo', 'GF Reale di vitello al forno FISSO', '2019-06-01 19:43:45', '2019-06-01 19:43:45'),
	('Men&amp;amp;ugrave; completo', 'GF Stinco di maiale con patate al forno FISSO', '2019-06-01 19:43:45', '2019-06-01 19:43:45'),
	('Men&amp;amp;ugrave; completo', 'GF Strongozzi alla Furente FISSO', '2019-06-01 19:43:45', '2019-06-01 19:43:45'),
	('Men&amp;amp;ugrave; completo', 'GF Tagliatelle al ragu bianco di chianina FISSO', '2019-06-01 19:43:45', '2019-06-01 19:43:45'),
	('Men&amp;amp;ugrave; completo', 'GF Zuppa di legumi FISSO', '2019-06-01 19:43:45', '2019-06-01 19:43:45'),
	('Men&amp;amp;ugrave; completo', 'GFTozzetti e Acchiappa femmine FISSO', '2019-06-01 19:43:45', '2019-06-01 19:43:45'),
	('Men&amp;amp;ugrave; completo', 'Gnocconi alla Contrastanga FISSO', '2019-06-01 19:43:45', '2019-06-01 19:43:45'),
	('Men&amp;amp;ugrave; completo', 'Guancia di maiale al vino rosso con erba spadellata FISSO', '2019-06-01 19:43:45', '2019-06-01 19:43:45'),
	('Men&amp;amp;ugrave; completo', 'Misticanza di bruschette FISSO', '2019-06-01 19:43:45', '2019-06-01 19:43:45'),
	('Men&amp;amp;ugrave; completo', 'Misticanza FISSO', '2019-06-01 19:43:45', '2019-06-01 19:43:45'),
	('Men&amp;amp;ugrave; completo', 'Pane e Coperto', '2019-06-01 19:43:45', '2019-06-01 19:43:45'),
	('Men&amp;amp;ugrave; completo', 'Pappa al pomodoro con pesto di basilico e crostini croccanti FISSO', '2019-06-01 19:43:45', '2019-06-01 19:43:45'),
	('Men&amp;amp;ugrave; completo', 'Patate arrosto FISSO', '2019-06-01 19:43:45', '2019-06-01 19:43:45'),
	('Men&amp;amp;ugrave; completo', 'Stinco di maiale con patate al forno FISSO', '2019-06-01 19:43:45', '2019-06-01 19:43:45'),
	('Men&amp;amp;ugrave; completo', 'Strongozzi alla Furente FISSO', '2019-06-01 19:43:45', '2019-06-01 19:43:45'),
	('Men&amp;amp;ugrave; completo', 'Tozzetti e Acchiappa femmine FISSO', '2019-06-01 19:43:45', '2019-06-01 19:43:45'),
	('Men&amp;amp;ugrave; completo', 'Vino Roccascossa 2017 IGP TERRE MARGARITELLI FISSO', '2019-06-01 19:43:45', '2019-06-01 19:43:45'),
	('Men&amp;amp;ugrave; completo', 'Zuppa di legumi FISSO', '2019-06-01 19:43:45', '2019-06-01 19:43:45'),
	('Men&amp;amp;ugrave; light', 'Acqua frizzante l. 1 FISSO', '2019-06-01 19:39:53', '2019-06-01 19:39:53'),
	('Men&amp;amp;ugrave; light', 'Acqua naturale l. 1 FISSO', '2019-06-01 19:39:53', '2019-06-01 19:39:53'),
	('Men&amp;amp;ugrave; light', 'Antipasto Sette Selle FISSO', '2019-06-01 19:39:53', '2019-06-01 19:39:53'),
	('Men&amp;amp;ugrave; light', 'Bruschette all Olio con prosciutto nostrano al coltello FISSO', '2019-06-01 19:39:53', '2019-06-01 19:39:53'),
	('Men&amp;amp;ugrave; light', 'Bruschette con crema di fave e pecorino FISSO', '2019-06-01 19:39:53', '2019-06-01 19:39:53'),
	('Men&amp;amp;ugrave; light', 'Capunti all ortolana FISSO', '2019-06-01 19:39:53', '2019-06-01 19:39:53'),
	('Men&amp;amp;ugrave; light', 'Cheesecake FISSO', '2019-06-01 19:39:53', '2019-06-01 19:39:53'),
	('Men&amp;amp;ugrave; light', 'Erba spadellata FISSO', '2019-06-01 19:39:53', '2019-06-01 19:39:53'),
	('Men&amp;amp;ugrave; light', 'Faraona alla ghiotta su crostone di pane FISSO', '2019-06-01 19:39:53', '2019-06-01 19:39:53'),
	('Men&amp;amp;ugrave; light', 'GF Antipasto Sette Selle FISSO', '2019-06-01 19:39:53', '2019-06-01 19:39:53'),
	('Men&amp;amp;ugrave; light', 'GF Bruschette all Olio con prosciutto nostrano al coltello FISSO', '2019-06-01 19:39:53', '2019-06-01 19:39:53'),
	('Men&amp;amp;ugrave; light', 'GF Bruschette con crema di fave e pecorino FISSO', '2019-06-01 19:39:53', '2019-06-01 19:39:53'),
	('Men&amp;amp;ugrave; light', 'GF Cheesecake FISSO', '2019-06-01 19:39:53', '2019-06-01 19:39:53'),
	('Men&amp;amp;ugrave; light', 'GF Erba spadellata FISSO', '2019-06-01 19:39:53', '2019-06-01 19:39:53'),
	('Men&amp;amp;ugrave; light', 'GF Faraona alla ghiotta su crostone di pane FISSO', '2019-06-01 19:39:53', '2019-06-01 19:39:53'),
	('Men&amp;amp;ugrave; light', 'GF Guancia di maiale al vino rosso con erba spadellata FISSO', '2019-06-01 19:39:53', '2019-06-01 19:39:53'),
	('Men&amp;amp;ugrave; light', 'GF Misticanza di bruschette FISSO', '2019-06-01 19:39:53', '2019-06-01 19:39:53'),
	('Men&amp;amp;ugrave; light', 'GF Misticanza FISSO', '2019-06-01 19:39:53', '2019-06-01 19:39:53'),
	('Men&amp;amp;ugrave; light', 'GF Pancia di maiale croccante con patate al forno FISSO', '2019-06-01 19:39:53', '2019-06-01 19:39:53'),
	('Men&amp;amp;ugrave; light', 'GF Pappa al pomodoro con pesto di basilico e crostini croccanti FISSO', '2019-06-01 19:39:53', '2019-06-01 19:39:53'),
	('Men&amp;amp;ugrave; light', 'GF Patate arrosto FISSO', '2019-06-01 19:39:53', '2019-06-01 19:39:53'),
	('Men&amp;amp;ugrave; light', 'GF Reale di vitello al forno FISSO', '2019-06-01 19:39:53', '2019-06-01 19:39:53'),
	('Men&amp;amp;ugrave; light', 'GF Stinco di maiale con patate al forno FISSO', '2019-06-01 19:39:53', '2019-06-01 19:39:53'),
	('Men&amp;amp;ugrave; light', 'GF Strongozzi alla Furente FISSO', '2019-06-01 19:39:53', '2019-06-01 19:39:53'),
	('Men&amp;amp;ugrave; light', 'GF Tagliatelle al ragu bianco di chianina FISSO', '2019-06-01 19:39:53', '2019-06-01 19:39:53'),
	('Men&amp;amp;ugrave; light', 'GF Zuppa di legumi FISSO', '2019-06-01 19:39:53', '2019-06-01 19:39:53'),
	('Men&amp;amp;ugrave; light', 'GFTozzetti e Acchiappa femmine FISSO', '2019-06-01 19:39:53', '2019-06-01 19:39:53'),
	('Men&amp;amp;ugrave; light', 'Gnocconi alla Contrastanga FISSO', '2019-06-01 19:39:53', '2019-06-01 19:39:53'),
	('Men&amp;amp;ugrave; light', 'Guancia di maiale al vino rosso con erba spadellata FISSO', '2019-06-01 19:39:53', '2019-06-01 19:39:53'),
	('Men&amp;amp;ugrave; light', 'Misticanza di bruschette FISSO', '2019-06-01 19:39:53', '2019-06-01 19:39:53'),
	('Men&amp;amp;ugrave; light', 'Misticanza FISSO', '2019-06-01 19:39:53', '2019-06-01 19:39:53'),
	('Men&amp;amp;ugrave; light', 'Pancia di maiale croccante con patate al forno FISSO', '2019-06-01 19:39:53', '2019-06-01 19:39:53'),
	('Men&amp;amp;ugrave; light', 'Pane e Coperto', '2019-06-01 19:39:53', '2019-06-01 19:39:53'),
	('Men&amp;amp;ugrave; light', 'Pappa al pomodoro con pesto di basilico e crostini croccanti FISSO', '2019-06-01 19:39:53', '2019-06-01 19:39:53'),
	('Men&amp;amp;ugrave; light', 'Patate arrosto FISSO', '2019-06-01 19:39:53', '2019-06-01 19:39:53'),
	('Men&amp;amp;ugrave; light', 'Reale di vitello al forno FISSO', '2019-06-01 19:39:53', '2019-06-01 19:39:53'),
	('Men&amp;amp;ugrave; light', 'Stinco di maiale con patate al forno FISSO', '2019-06-01 19:39:53', '2019-06-01 19:39:53'),
	('Men&amp;amp;ugrave; light', 'Strongozzi alla Furente FISSO', '2019-06-01 19:39:53', '2019-06-01 19:39:53'),
	('Men&amp;amp;ugrave; light', 'Tozzetti e Acchiappa femmine FISSO', '2019-06-01 19:39:53', '2019-06-01 19:39:53'),
	('Men&amp;amp;ugrave; light', 'Vino Pietramala IGT Terre Margaritelli FISSO', '2019-06-01 19:39:53', '2019-06-01 19:39:53'),
	('Men&amp;amp;ugrave; light', 'Vino Roccascossa 2017 IGP TERRE MARGARITELLI FISSO', '2019-06-01 19:39:53', '2019-06-01 19:39:53'),
	('Men&amp;amp;ugrave; light', 'Zuppa di legumi FISSO', '2019-06-01 19:39:53', '2019-06-01 19:39:53'),
	('Men&amp;ugrave; completo', 'Acqua frizzante l. 1 FISSO', '2019-06-01 19:43:45', '2019-06-01 19:43:45'),
	('Men&amp;ugrave; completo', 'Acqua naturale l. 1 FISSO', '2019-06-01 19:43:45', '2019-06-01 19:43:45'),
	('Men&amp;ugrave; completo', 'Antipasto Sette Selle FISSO', '2019-06-01 19:43:45', '2019-06-01 19:43:45'),
	('Men&amp;ugrave; completo', 'Bruschette all Olio con prosciutto nostrano al coltello FISSO', '2019-06-01 19:43:45', '2019-06-01 19:43:45'),
	('Men&amp;ugrave; completo', 'Bruschette con crema di fave e pecorino FISSO', '2019-06-01 19:43:45', '2019-06-01 19:43:45'),
	('Men&amp;ugrave; completo', 'Capunti all ortolana FISSO', '2019-06-01 19:43:45', '2019-06-01 19:43:45'),
	('Men&amp;ugrave; completo', 'Cheesecake FISSO', '2019-06-01 19:43:45', '2019-06-01 19:43:45'),
	('Men&amp;ugrave; completo', 'Erba spadellata FISSO', '2019-06-01 19:43:45', '2019-06-01 19:43:45'),
	('Men&amp;ugrave; completo', 'Faraona alla ghiotta su crostone di pane FISSO', '2019-06-01 19:43:45', '2019-06-01 19:43:45'),
	('Men&amp;ugrave; completo', 'GF Antipasto Sette Selle FISSO', '2019-06-01 19:43:45', '2019-06-01 19:43:45'),
	('Men&amp;ugrave; completo', 'GF Bruschette all Olio con prosciutto nostrano al coltello FISSO', '2019-06-01 19:43:45', '2019-06-01 19:43:45'),
	('Men&amp;ugrave; completo', 'GF Bruschette con crema di fave e pecorino FISSO', '2019-06-01 19:43:45', '2019-06-01 19:43:45'),
	('Men&amp;ugrave; completo', 'GF Cheesecake FISSO', '2019-06-01 19:43:45', '2019-06-01 19:43:45'),
	('Men&amp;ugrave; completo', 'GF Erba spadellata FISSO', '2019-06-01 19:43:45', '2019-06-01 19:43:45'),
	('Men&amp;ugrave; completo', 'GF Faraona alla ghiotta su crostone di pane FISSO', '2019-06-01 19:43:45', '2019-06-01 19:43:45'),
	('Men&amp;ugrave; completo', 'GF Guancia di maiale al vino rosso con erba spadellata FISSO', '2019-06-01 19:43:45', '2019-06-01 19:43:45'),
	('Men&amp;ugrave; completo', 'GF Misticanza di bruschette FISSO', '2019-06-01 19:43:45', '2019-06-01 19:43:45'),
	('Men&amp;ugrave; completo', 'GF Misticanza FISSO', '2019-06-01 19:43:45', '2019-06-01 19:43:45'),
	('Men&amp;ugrave; completo', 'GF Pancia di maiale croccante con patate al forno FISSO', '2019-06-01 19:43:45', '2019-06-01 19:43:45'),
	('Men&amp;ugrave; completo', 'GF Pappa al pomodoro con pesto di basilico e crostini croccanti FISSO', '2019-06-01 19:43:45', '2019-06-01 19:43:45'),
	('Men&amp;ugrave; completo', 'GF Patate arrosto FISSO', '2019-06-01 19:43:45', '2019-06-01 19:43:45'),
	('Men&amp;ugrave; completo', 'GF Reale di vitello al forno FISSO', '2019-06-01 19:43:45', '2019-06-01 19:43:45'),
	('Men&amp;ugrave; completo', 'GF Stinco di maiale con patate al forno FISSO', '2019-06-01 19:43:45', '2019-06-01 19:43:45'),
	('Men&amp;ugrave; completo', 'GF Strongozzi alla Furente FISSO', '2019-06-01 19:43:45', '2019-06-01 19:43:45'),
	('Men&amp;ugrave; completo', 'GF Tagliatelle al ragu bianco di chianina FISSO', '2019-06-01 19:43:45', '2019-06-01 19:43:45'),
	('Men&amp;ugrave; completo', 'GF Zuppa di legumi FISSO', '2019-06-01 19:43:45', '2019-06-01 19:43:45'),
	('Men&amp;ugrave; completo', 'GFTozzetti e Acchiappa femmine FISSO', '2019-06-01 19:43:45', '2019-06-01 19:43:45'),
	('Men&amp;ugrave; completo', 'Gnocconi alla Contrastanga FISSO', '2019-06-01 19:43:45', '2019-06-01 19:43:45'),
	('Men&amp;ugrave; completo', 'Guancia di maiale al vino rosso con erba spadellata FISSO', '2019-06-01 19:43:45', '2019-06-01 19:43:45'),
	('Men&amp;ugrave; completo', 'Misticanza di bruschette FISSO', '2019-06-01 19:43:45', '2019-06-01 19:43:45'),
	('Men&amp;ugrave; completo', 'Misticanza FISSO', '2019-06-01 19:43:45', '2019-06-01 19:43:45'),
	('Men&amp;ugrave; completo', 'Pane e Coperto', '2019-06-01 19:43:45', '2019-06-01 19:43:45'),
	('Men&amp;ugrave; completo', 'Pappa al pomodoro con pesto di basilico e crostini croccanti FISSO', '2019-06-01 19:43:45', '2019-06-01 19:43:45'),
	('Men&amp;ugrave; completo', 'Patate arrosto FISSO', '2019-06-01 19:43:45', '2019-06-01 19:43:45'),
	('Men&amp;ugrave; completo', 'Stinco di maiale con patate al forno FISSO', '2019-06-01 19:43:45', '2019-06-01 19:43:45'),
	('Men&amp;ugrave; completo', 'Strongozzi alla Furente FISSO', '2019-06-01 19:43:45', '2019-06-01 19:43:45'),
	('Men&amp;ugrave; completo', 'Tozzetti e Acchiappa femmine FISSO', '2019-06-01 19:43:45', '2019-06-01 19:43:45'),
	('Men&amp;ugrave; completo', 'Vino Roccascossa 2017 IGP TERRE MARGARITELLI FISSO', '2019-06-01 19:43:45', '2019-06-01 19:43:45'),
	('Men&amp;ugrave; completo', 'Zuppa di legumi FISSO', '2019-06-01 19:43:45', '2019-06-01 19:43:45'),
	('Men&amp;ugrave; light', 'Acqua frizzante l. 1 FISSO', '2019-06-01 19:39:53', '2019-06-01 19:39:53'),
	('Men&amp;ugrave; light', 'Acqua naturale l. 1 FISSO', '2019-06-01 19:39:53', '2019-06-01 19:39:53'),
	('Men&amp;ugrave; light', 'Antipasto Sette Selle FISSO', '2019-06-01 19:39:53', '2019-06-01 19:39:53'),
	('Men&amp;ugrave; light', 'Bruschette all Olio con prosciutto nostrano al coltello FISSO', '2019-06-01 19:39:53', '2019-06-01 19:39:53'),
	('Men&amp;ugrave; light', 'Bruschette con crema di fave e pecorino FISSO', '2019-06-01 19:39:53', '2019-06-01 19:39:53'),
	('Men&amp;ugrave; light', 'Capunti all ortolana FISSO', '2019-06-01 19:39:53', '2019-06-01 19:39:53'),
	('Men&amp;ugrave; light', 'Cheesecake FISSO', '2019-06-01 19:39:53', '2019-06-01 19:39:53'),
	('Men&amp;ugrave; light', 'Erba spadellata FISSO', '2019-06-01 19:39:53', '2019-06-01 19:39:53'),
	('Men&amp;ugrave; light', 'Faraona alla ghiotta su crostone di pane FISSO', '2019-06-01 19:39:53', '2019-06-01 19:39:53'),
	('Men&amp;ugrave; light', 'GF Antipasto Sette Selle FISSO', '2019-06-01 19:39:53', '2019-06-01 19:39:53'),
	('Men&amp;ugrave; light', 'GF Bruschette all Olio con prosciutto nostrano al coltello FISSO', '2019-06-01 19:39:53', '2019-06-01 19:39:53'),
	('Men&amp;ugrave; light', 'GF Bruschette con crema di fave e pecorino FISSO', '2019-06-01 19:39:53', '2019-06-01 19:39:53'),
	('Men&amp;ugrave; light', 'GF Cheesecake FISSO', '2019-06-01 19:39:53', '2019-06-01 19:39:53'),
	('Men&amp;ugrave; light', 'GF Erba spadellata FISSO', '2019-06-01 19:39:53', '2019-06-01 19:39:53'),
	('Men&amp;ugrave; light', 'GF Faraona alla ghiotta su crostone di pane FISSO', '2019-06-01 19:39:53', '2019-06-01 19:39:53'),
	('Men&amp;ugrave; light', 'GF Guancia di maiale al vino rosso con erba spadellata FISSO', '2019-06-01 19:39:53', '2019-06-01 19:39:53'),
	('Men&amp;ugrave; light', 'GF Misticanza di bruschette FISSO', '2019-06-01 19:39:53', '2019-06-01 19:39:53'),
	('Men&amp;ugrave; light', 'GF Misticanza FISSO', '2019-06-01 19:39:53', '2019-06-01 19:39:53'),
	('Men&amp;ugrave; light', 'GF Pancia di maiale croccante con patate al forno FISSO', '2019-06-01 19:39:53', '2019-06-01 19:39:53'),
	('Men&amp;ugrave; light', 'GF Pappa al pomodoro con pesto di basilico e crostini croccanti FISSO', '2019-06-01 19:39:53', '2019-06-01 19:39:53'),
	('Men&amp;ugrave; light', 'GF Patate arrosto FISSO', '2019-06-01 19:39:53', '2019-06-01 19:39:53'),
	('Men&amp;ugrave; light', 'GF Reale di vitello al forno FISSO', '2019-06-01 19:39:53', '2019-06-01 19:39:53'),
	('Men&amp;ugrave; light', 'GF Stinco di maiale con patate al forno FISSO', '2019-06-01 19:39:53', '2019-06-01 19:39:53'),
	('Men&amp;ugrave; light', 'GF Strongozzi alla Furente FISSO', '2019-06-01 19:39:53', '2019-06-01 19:39:53'),
	('Men&amp;ugrave; light', 'GF Tagliatelle al ragu bianco di chianina FISSO', '2019-06-01 19:39:53', '2019-06-01 19:39:53'),
	('Men&amp;ugrave; light', 'GF Zuppa di legumi FISSO', '2019-06-01 19:39:53', '2019-06-01 19:39:53'),
	('Men&amp;ugrave; light', 'GFTozzetti e Acchiappa femmine FISSO', '2019-06-01 19:39:53', '2019-06-01 19:39:53'),
	('Men&amp;ugrave; light', 'Gnocconi alla Contrastanga FISSO', '2019-06-01 19:39:53', '2019-06-01 19:39:53'),
	('Men&amp;ugrave; light', 'Guancia di maiale al vino rosso con erba spadellata FISSO', '2019-06-01 19:39:53', '2019-06-01 19:39:53'),
	('Men&amp;ugrave; light', 'Misticanza di bruschette FISSO', '2019-06-01 19:39:53', '2019-06-01 19:39:53'),
	('Men&amp;ugrave; light', 'Misticanza FISSO', '2019-06-01 19:39:53', '2019-06-01 19:39:53'),
	('Men&amp;ugrave; light', 'Pancia di maiale croccante con patate al forno FISSO', '2019-06-01 19:39:53', '2019-06-01 19:39:53'),
	('Men&amp;ugrave; light', 'Pane e Coperto', '2019-06-01 19:39:53', '2019-06-01 19:39:53'),
	('Men&amp;ugrave; light', 'Pappa al pomodoro con pesto di basilico e crostini croccanti FISSO', '2019-06-01 19:39:53', '2019-06-01 19:39:53'),
	('Men&amp;ugrave; light', 'Patate arrosto FISSO', '2019-06-01 19:39:53', '2019-06-01 19:39:53'),
	('Men&amp;ugrave; light', 'Reale di vitello al forno FISSO', '2019-06-01 19:39:53', '2019-06-01 19:39:53'),
	('Men&amp;ugrave; light', 'Stinco di maiale con patate al forno FISSO', '2019-06-01 19:39:53', '2019-06-01 19:39:53'),
	('Men&amp;ugrave; light', 'Strongozzi alla Furente FISSO', '2019-06-01 19:39:53', '2019-06-01 19:39:53'),
	('Men&amp;ugrave; light', 'Tozzetti e Acchiappa femmine FISSO', '2019-06-01 19:39:53', '2019-06-01 19:39:53'),
	('Men&amp;ugrave; light', 'Vino Pietramala IGT Terre Margaritelli FISSO', '2019-06-01 19:39:53', '2019-06-01 19:39:53'),
	('Men&amp;ugrave; light', 'Vino Roccascossa 2017 IGP TERRE MARGARITELLI FISSO', '2019-06-01 19:39:53', '2019-06-01 19:39:53'),
	('Men&amp;ugrave; light', 'Zuppa di legumi FISSO', '2019-06-01 19:39:53', '2019-06-01 19:39:53'),
	('Men&ugrave; completo', 'Acqua frizzante l. 1 FISSO', '2019-06-01 19:43:45', '2019-06-01 19:43:45'),
	('Men&ugrave; completo', 'Acqua naturale l. 1 FISSO', '2019-06-01 19:43:45', '2019-06-01 19:43:45'),
	('Men&ugrave; completo', 'Antipasto Sette Selle FISSO', '2019-06-01 19:43:45', '2019-06-01 19:43:45'),
	('Men&ugrave; completo', 'Bruschette all Olio con prosciutto nostrano al coltello FISSO', '2019-06-01 19:43:45', '2019-06-01 19:43:45'),
	('Men&ugrave; completo', 'Bruschette con crema di fave e pecorino FISSO', '2019-06-01 19:43:45', '2019-06-01 19:43:45'),
	('Men&ugrave; completo', 'Capunti all ortolana FISSO', '2019-06-01 19:43:45', '2019-06-01 19:43:45'),
	('Men&ugrave; completo', 'Cheesecake FISSO', '2019-06-01 19:43:45', '2019-06-01 19:43:45'),
	('Men&ugrave; completo', 'Erba spadellata FISSO', '2019-06-01 19:43:45', '2019-06-01 19:43:45'),
	('Men&ugrave; completo', 'Faraona alla ghiotta su crostone di pane FISSO', '2019-06-01 19:43:45', '2019-06-01 19:43:45'),
	('Men&ugrave; completo', 'GF Antipasto Sette Selle FISSO', '2019-06-01 19:43:45', '2019-06-01 19:43:45'),
	('Men&ugrave; completo', 'GF Bruschette all Olio con prosciutto nostrano al coltello FISSO', '2019-06-01 19:43:45', '2019-06-01 19:43:45'),
	('Men&ugrave; completo', 'GF Bruschette con crema di fave e pecorino FISSO', '2019-06-01 19:43:45', '2019-06-01 19:43:45'),
	('Men&ugrave; completo', 'GF Cheesecake FISSO', '2019-06-01 19:43:45', '2019-06-01 19:43:45'),
	('Men&ugrave; completo', 'GF Erba spadellata FISSO', '2019-06-01 19:43:45', '2019-06-01 19:43:45'),
	('Men&ugrave; completo', 'GF Faraona alla ghiotta su crostone di pane FISSO', '2019-06-01 19:43:45', '2019-06-01 19:43:45'),
	('Men&ugrave; completo', 'GF Guancia di maiale al vino rosso con erba spadellata FISSO', '2019-06-01 19:43:45', '2019-06-01 19:43:45'),
	('Men&ugrave; completo', 'GF Misticanza di bruschette FISSO', '2019-06-01 19:43:45', '2019-06-01 19:43:45'),
	('Men&ugrave; completo', 'GF Misticanza FISSO', '2019-06-01 19:43:45', '2019-06-01 19:43:45'),
	('Men&ugrave; completo', 'GF Pancia di maiale croccante con patate al forno FISSO', '2019-06-01 19:43:45', '2019-06-01 19:43:45'),
	('Men&ugrave; completo', 'GF Pappa al pomodoro con pesto di basilico e crostini croccanti FISSO', '2019-06-01 19:43:45', '2019-06-01 19:43:45'),
	('Men&ugrave; completo', 'GF Patate arrosto FISSO', '2019-06-01 19:43:45', '2019-06-01 19:43:45'),
	('Men&ugrave; completo', 'GF Reale di vitello al forno FISSO', '2019-06-01 19:43:45', '2019-06-01 19:43:45'),
	('Men&ugrave; completo', 'GF Stinco di maiale con patate al forno FISSO', '2019-06-01 19:43:45', '2019-06-01 19:43:45'),
	('Men&ugrave; completo', 'GF Strongozzi alla Furente FISSO', '2019-06-01 19:43:45', '2019-06-01 19:43:45'),
	('Men&ugrave; completo', 'GF Tagliatelle al ragu bianco di chianina FISSO', '2019-06-01 19:43:45', '2019-06-01 19:43:45'),
	('Men&ugrave; completo', 'GF Zuppa di legumi FISSO', '2019-06-01 19:43:45', '2019-06-01 19:43:45'),
	('Men&ugrave; completo', 'GFTozzetti e Acchiappa femmine FISSO', '2019-06-01 19:43:45', '2019-06-01 19:43:45'),
	('Men&ugrave; completo', 'Gnocconi alla Contrastanga FISSO', '2019-06-01 19:43:45', '2019-06-01 19:43:45'),
	('Men&ugrave; completo', 'Guancia di maiale al vino rosso con erba spadellata FISSO', '2019-06-01 19:43:45', '2019-06-01 19:43:45'),
	('Men&ugrave; completo', 'Misticanza di bruschette FISSO', '2019-06-01 19:43:45', '2019-06-01 19:43:45'),
	('Men&ugrave; completo', 'Misticanza FISSO', '2019-06-01 19:43:45', '2019-06-01 19:43:45'),
	('Men&ugrave; completo', 'Pane e Coperto', '2019-06-01 19:43:45', '2019-06-01 19:43:45'),
	('Men&ugrave; completo', 'Pappa al pomodoro con pesto di basilico e crostini croccanti FISSO', '2019-06-01 19:43:45', '2019-06-01 19:43:45'),
	('Men&ugrave; completo', 'Patate arrosto FISSO', '2019-06-01 19:43:45', '2019-06-01 19:43:45'),
	('Men&ugrave; completo', 'Stinco di maiale con patate al forno FISSO', '2019-06-01 19:43:45', '2019-06-01 19:43:45'),
	('Men&ugrave; completo', 'Strongozzi alla Furente FISSO', '2019-06-01 19:43:45', '2019-06-01 19:43:45'),
	('Men&ugrave; completo', 'Tozzetti e Acchiappa femmine FISSO', '2019-06-01 19:43:45', '2019-06-01 19:43:45'),
	('Men&ugrave; completo', 'Vino Roccascossa 2017 IGP TERRE MARGARITELLI FISSO', '2019-06-01 19:43:45', '2019-06-01 19:43:45'),
	('Men&ugrave; completo', 'Zuppa di legumi FISSO', '2019-06-01 19:43:45', '2019-06-01 19:43:45'),
	('Men&ugrave; light', 'Acqua frizzante l. 1 FISSO', '2019-06-01 19:39:53', '2019-06-01 19:39:53'),
	('Men&ugrave; light', 'Acqua naturale l. 1 FISSO', '2019-06-01 19:39:53', '2019-06-01 19:39:53'),
	('Men&ugrave; light', 'Antipasto Sette Selle FISSO', '2019-06-01 19:39:53', '2019-06-01 19:39:53'),
	('Men&ugrave; light', 'Bruschette all Olio con prosciutto nostrano al coltello FISSO', '2019-06-01 19:39:53', '2019-06-01 19:39:53'),
	('Men&ugrave; light', 'Bruschette con crema di fave e pecorino FISSO', '2019-06-01 19:39:53', '2019-06-01 19:39:53'),
	('Men&ugrave; light', 'Capunti all ortolana FISSO', '2019-06-01 19:39:53', '2019-06-01 19:39:53'),
	('Men&ugrave; light', 'Cheesecake FISSO', '2019-06-01 19:39:53', '2019-06-01 19:39:53'),
	('Men&ugrave; light', 'Erba spadellata FISSO', '2019-06-01 19:39:53', '2019-06-01 19:39:53'),
	('Men&ugrave; light', 'Faraona alla ghiotta su crostone di pane FISSO', '2019-06-01 19:39:53', '2019-06-01 19:39:53'),
	('Men&ugrave; light', 'GF Antipasto Sette Selle FISSO', '2019-06-01 19:39:53', '2019-06-01 19:39:53'),
	('Men&ugrave; light', 'GF Bruschette all Olio con prosciutto nostrano al coltello FISSO', '2019-06-01 19:39:53', '2019-06-01 19:39:53'),
	('Men&ugrave; light', 'GF Bruschette con crema di fave e pecorino FISSO', '2019-06-01 19:39:53', '2019-06-01 19:39:53'),
	('Men&ugrave; light', 'GF Cheesecake FISSO', '2019-06-01 19:39:53', '2019-06-01 19:39:53'),
	('Men&ugrave; light', 'GF Erba spadellata FISSO', '2019-06-01 19:39:53', '2019-06-01 19:39:53'),
	('Men&ugrave; light', 'GF Faraona alla ghiotta su crostone di pane FISSO', '2019-06-01 19:39:53', '2019-06-01 19:39:53'),
	('Men&ugrave; light', 'GF Guancia di maiale al vino rosso con erba spadellata FISSO', '2019-06-01 19:39:53', '2019-06-01 19:39:53'),
	('Men&ugrave; light', 'GF Misticanza di bruschette FISSO', '2019-06-01 19:39:53', '2019-06-01 19:39:53'),
	('Men&ugrave; light', 'GF Misticanza FISSO', '2019-06-01 19:39:53', '2019-06-01 19:39:53'),
	('Men&ugrave; light', 'GF Pancia di maiale croccante con patate al forno FISSO', '2019-06-01 19:39:53', '2019-06-01 19:39:53'),
	('Men&ugrave; light', 'GF Pappa al pomodoro con pesto di basilico e crostini croccanti FISSO', '2019-06-01 19:39:53', '2019-06-01 19:39:53'),
	('Men&ugrave; light', 'GF Patate arrosto FISSO', '2019-06-01 19:39:53', '2019-06-01 19:39:53'),
	('Men&ugrave; light', 'GF Reale di vitello al forno FISSO', '2019-06-01 19:39:53', '2019-06-01 19:39:53'),
	('Men&ugrave; light', 'GF Stinco di maiale con patate al forno FISSO', '2019-06-01 19:39:53', '2019-06-01 19:39:53'),
	('Men&ugrave; light', 'GF Strongozzi alla Furente FISSO', '2019-06-01 19:39:53', '2019-06-01 19:39:53'),
	('Men&ugrave; light', 'GF Tagliatelle al ragu bianco di chianina FISSO', '2019-06-01 19:39:53', '2019-06-01 19:39:53'),
	('Men&ugrave; light', 'GF Zuppa di legumi FISSO', '2019-06-01 19:39:53', '2019-06-01 19:39:53'),
	('Men&ugrave; light', 'GFTozzetti e Acchiappa femmine FISSO', '2019-06-01 19:39:53', '2019-06-01 19:39:53'),
	('Men&ugrave; light', 'Gnocconi alla Contrastanga FISSO', '2019-06-01 19:39:53', '2019-06-01 19:39:53'),
	('Men&ugrave; light', 'Guancia di maiale al vino rosso con erba spadellata FISSO', '2019-06-01 19:39:53', '2019-06-01 19:39:53'),
	('Men&ugrave; light', 'Misticanza di bruschette FISSO', '2019-06-01 19:39:53', '2019-06-01 19:39:53'),
	('Men&ugrave; light', 'Misticanza FISSO', '2019-06-01 19:39:53', '2019-06-01 19:39:53'),
	('Men&ugrave; light', 'Pancia di maiale croccante con patate al forno FISSO', '2019-06-01 19:39:53', '2019-06-01 19:39:53'),
	('Men&ugrave; light', 'Pane e Coperto', '2019-06-01 19:39:53', '2019-06-01 19:39:53'),
	('Men&ugrave; light', 'Pappa al pomodoro con pesto di basilico e crostini croccanti FISSO', '2019-06-01 19:39:53', '2019-06-01 19:39:53'),
	('Men&ugrave; light', 'Patate arrosto FISSO', '2019-06-01 19:39:53', '2019-06-01 19:39:53'),
	('Men&ugrave; light', 'Reale di vitello al forno FISSO', '2019-06-01 19:39:53', '2019-06-01 19:39:53'),
	('Men&ugrave; light', 'Stinco di maiale con patate al forno FISSO', '2019-06-01 19:39:53', '2019-06-01 19:39:53'),
	('Men&ugrave; light', 'Strongozzi alla Furente FISSO', '2019-06-01 19:39:53', '2019-06-01 19:39:53'),
	('Men&ugrave; light', 'Tozzetti e Acchiappa femmine FISSO', '2019-06-01 19:39:53', '2019-06-01 19:39:53'),
	('Men&ugrave; light', 'Vino Pietramala IGT Terre Margaritelli FISSO', '2019-06-01 19:39:53', '2019-06-01 19:39:53'),
	('Men&ugrave; light', 'Vino Roccascossa 2017 IGP TERRE MARGARITELLI FISSO', '2019-06-01 19:39:53', '2019-06-01 19:39:53'),
	('Men&ugrave; light', 'Zuppa di legumi FISSO', '2019-06-01 19:39:53', '2019-06-01 19:39:53'),
	('Menù completo', 'Acqua frizzante l. 1 FISSO', '2019-06-01 19:43:45', '2019-06-01 19:43:45'),
	('Menù completo', 'Acqua naturale l. 1 FISSO', '2019-06-01 19:43:45', '2019-06-01 19:43:45'),
	('Menù completo', 'Antipasto Sette Selle FISSO', '2019-06-01 19:43:45', '2019-06-01 19:43:45'),
	('Menù completo', 'Bruschette all Olio con prosciutto nostrano al coltello FISSO', '2019-06-01 19:43:45', '2019-06-01 19:43:45'),
	('Menù completo', 'Bruschette con crema di fave e pecorino FISSO', '2019-06-01 19:43:45', '2019-06-01 19:43:45'),
	('Menù completo', 'Capunti all ortolana FISSO', '2019-06-01 19:43:45', '2019-06-01 19:43:45'),
	('Menù completo', 'Cheesecake FISSO', '2019-06-01 19:43:45', '2019-06-01 19:43:45'),
	('Menù completo', 'Erba spadellata FISSO', '2019-06-01 19:43:45', '2019-06-01 19:43:45'),
	('Menù completo', 'Faraona alla ghiotta su crostone di pane FISSO', '2019-06-01 19:43:45', '2019-06-01 19:43:45'),
	('Menù completo', 'GF Antipasto Sette Selle FISSO', '2019-06-01 19:43:45', '2019-06-01 19:43:45'),
	('Menù completo', 'GF Bruschette all Olio con prosciutto nostrano al coltello FISSO', '2019-06-01 19:43:45', '2019-06-01 19:43:45'),
	('Menù completo', 'GF Bruschette con crema di fave e pecorino FISSO', '2019-06-01 19:43:45', '2019-06-01 19:43:45'),
	('Menù completo', 'GF Cheesecake FISSO', '2019-06-01 19:43:45', '2019-06-01 19:43:45'),
	('Menù completo', 'GF Erba spadellata FISSO', '2019-06-01 19:43:45', '2019-06-01 19:43:45'),
	('Menù completo', 'GF Faraona alla ghiotta su crostone di pane FISSO', '2019-06-01 19:43:45', '2019-06-01 19:43:45'),
	('Menù completo', 'GF Guancia di maiale al vino rosso con erba spadellata FISSO', '2019-06-01 19:43:45', '2019-06-01 19:43:45'),
	('Menù completo', 'GF Misticanza di bruschette FISSO', '2019-06-01 19:43:45', '2019-06-01 19:43:45'),
	('Menù completo', 'GF Misticanza FISSO', '2019-06-01 19:43:45', '2019-06-01 19:43:45'),
	('Menù completo', 'GF Pancia di maiale croccante con patate al forno FISSO', '2019-06-01 19:43:45', '2019-06-01 19:43:45'),
	('Menù completo', 'GF Pappa al pomodoro con pesto di basilico e crostini croccanti FISSO', '2019-06-01 19:43:45', '2019-06-01 19:43:45'),
	('Menù completo', 'GF Patate arrosto FISSO', '2019-06-01 19:43:45', '2019-06-01 19:43:45'),
	('Menù completo', 'GF Reale di vitello al forno FISSO', '2019-06-01 19:43:45', '2019-06-01 19:43:45'),
	('Menù completo', 'GF Stinco di maiale con patate al forno FISSO', '2019-06-01 19:43:45', '2019-06-01 19:43:45'),
	('Menù completo', 'GF Strongozzi alla Furente FISSO', '2019-06-01 19:43:45', '2019-06-01 19:43:45'),
	('Menù completo', 'GF Tagliatelle al ragu bianco di chianina FISSO', '2019-06-01 19:43:45', '2019-06-01 19:43:45'),
	('Menù completo', 'GF Zuppa di legumi FISSO', '2019-06-01 19:43:45', '2019-06-01 19:43:45'),
	('Menù completo', 'GFTozzetti e Acchiappa femmine FISSO', '2019-06-01 19:43:45', '2019-06-01 19:43:45'),
	('Menù completo', 'Gnocconi alla Contrastanga FISSO', '2019-06-01 19:43:45', '2019-06-01 19:43:45'),
	('Menù completo', 'Guancia di maiale al vino rosso con erba spadellata FISSO', '2019-06-01 19:43:45', '2019-06-01 19:43:45'),
	('Menù completo', 'Misticanza di bruschette FISSO', '2019-06-01 19:43:45', '2019-06-01 19:43:45'),
	('Menù completo', 'Misticanza FISSO', '2019-06-01 19:43:45', '2019-06-01 19:43:45'),
	('Menù completo', 'Pane e Coperto', '2019-06-01 19:43:45', '2019-06-01 19:43:45'),
	('Menù completo', 'Pappa al pomodoro con pesto di basilico e crostini croccanti FISSO', '2019-06-01 19:43:45', '2019-06-01 19:43:45'),
	('Menù completo', 'Patate arrosto FISSO', '2019-06-01 19:43:45', '2019-06-01 19:43:45'),
	('Menù completo', 'Stinco di maiale con patate al forno FISSO', '2019-06-01 19:43:45', '2019-06-01 19:43:45'),
	('Menù completo', 'Strongozzi alla Furente FISSO', '2019-06-01 19:43:45', '2019-06-01 19:43:45'),
	('Menù completo', 'Tozzetti e Acchiappa femmine FISSO', '2019-06-01 19:43:45', '2019-06-01 19:43:45'),
	('Menù completo', 'Vino Roccascossa 2017 IGP TERRE MARGARITELLI FISSO', '2019-06-01 19:43:45', '2019-06-01 19:43:45'),
	('Menù completo', 'Zuppa di legumi FISSO', '2019-06-01 19:43:45', '2019-06-01 19:43:45'),
	('Menù light', 'Acqua frizzante l. 1 FISSO', '2019-06-01 19:39:53', '2019-06-01 19:39:53'),
	('Menù light', 'Acqua naturale l. 1 FISSO', '2019-06-01 19:39:53', '2019-06-01 19:39:53'),
	('Menù light', 'Antipasto Sette Selle FISSO', '2019-06-01 19:39:53', '2019-06-01 19:39:53'),
	('Menù light', 'Bruschette all Olio con prosciutto nostrano al coltello FISSO', '2019-06-01 19:39:53', '2019-06-01 19:39:53'),
	('Menù light', 'Bruschette con crema di fave e pecorino FISSO', '2019-06-01 19:39:53', '2019-06-01 19:39:53'),
	('Menù light', 'Capunti all ortolana FISSO', '2019-06-01 19:39:53', '2019-06-01 19:39:53'),
	('Menù light', 'Cheesecake FISSO', '2019-06-01 19:39:53', '2019-06-01 19:39:53'),
	('Menù light', 'Erba spadellata FISSO', '2019-06-01 19:39:53', '2019-06-01 19:39:53'),
	('Menù light', 'Faraona alla ghiotta su crostone di pane FISSO', '2019-06-01 19:39:53', '2019-06-01 19:39:53'),
	('Menù light', 'GF Antipasto Sette Selle FISSO', '2019-06-01 19:39:53', '2019-06-01 19:39:53'),
	('Menù light', 'GF Bruschette all Olio con prosciutto nostrano al coltello FISSO', '2019-06-01 19:39:53', '2019-06-01 19:39:53'),
	('Menù light', 'GF Bruschette con crema di fave e pecorino FISSO', '2019-06-01 19:39:53', '2019-06-01 19:39:53'),
	('Menù light', 'GF Cheesecake FISSO', '2019-06-01 19:39:53', '2019-06-01 19:39:53'),
	('Menù light', 'GF Erba spadellata FISSO', '2019-06-01 19:39:53', '2019-06-01 19:39:53'),
	('Menù light', 'GF Faraona alla ghiotta su crostone di pane FISSO', '2019-06-01 19:39:53', '2019-06-01 19:39:53'),
	('Menù light', 'GF Guancia di maiale al vino rosso con erba spadellata FISSO', '2019-06-01 19:39:53', '2019-06-01 19:39:53'),
	('Menù light', 'GF Misticanza di bruschette FISSO', '2019-06-01 19:39:53', '2019-06-01 19:39:53'),
	('Menù light', 'GF Misticanza FISSO', '2019-06-01 19:39:53', '2019-06-01 19:39:53'),
	('Menù light', 'GF Pancia di maiale croccante con patate al forno FISSO', '2019-06-01 19:39:53', '2019-06-01 19:39:53'),
	('Menù light', 'GF Pappa al pomodoro con pesto di basilico e crostini croccanti FISSO', '2019-06-01 19:39:53', '2019-06-01 19:39:53'),
	('Menù light', 'GF Patate arrosto FISSO', '2019-06-01 19:39:53', '2019-06-01 19:39:53'),
	('Menù light', 'GF Reale di vitello al forno FISSO', '2019-06-01 19:39:53', '2019-06-01 19:39:53'),
	('Menù light', 'GF Stinco di maiale con patate al forno FISSO', '2019-06-01 19:39:53', '2019-06-01 19:39:53'),
	('Menù light', 'GF Strongozzi alla Furente FISSO', '2019-06-01 19:39:53', '2019-06-01 19:39:53'),
	('Menù light', 'GF Tagliatelle al ragu bianco di chianina FISSO', '2019-06-01 19:39:53', '2019-06-01 19:39:53'),
	('Menù light', 'GF Zuppa di legumi FISSO', '2019-06-01 19:39:53', '2019-06-01 19:39:53'),
	('Menù light', 'GFTozzetti e Acchiappa femmine FISSO', '2019-06-01 19:39:53', '2019-06-01 19:39:53'),
	('Menù light', 'Gnocconi alla Contrastanga FISSO', '2019-06-01 19:39:53', '2019-06-01 19:39:53'),
	('Menù light', 'Guancia di maiale al vino rosso con erba spadellata FISSO', '2019-06-01 19:39:53', '2019-06-01 19:39:53'),
	('Menù light', 'Misticanza di bruschette FISSO', '2019-06-01 19:39:53', '2019-06-01 19:39:53'),
	('Menù light', 'Misticanza FISSO', '2019-06-01 19:39:53', '2019-06-01 19:39:53'),
	('Menù light', 'Pancia di maiale croccante con patate al forno FISSO', '2019-06-01 19:39:53', '2019-06-01 19:39:53'),
	('Menù light', 'Pane e Coperto', '2019-06-01 19:39:53', '2019-06-01 19:39:53'),
	('Menù light', 'Pappa al pomodoro con pesto di basilico e crostini croccanti FISSO', '2019-06-01 19:39:53', '2019-06-01 19:39:53'),
	('Menù light', 'Patate arrosto FISSO', '2019-06-01 19:39:53', '2019-06-01 19:39:53'),
	('Menù light', 'Reale di vitello al forno FISSO', '2019-06-01 19:39:53', '2019-06-01 19:39:53'),
	('Menù light', 'Stinco di maiale con patate al forno FISSO', '2019-06-01 19:39:53', '2019-06-01 19:39:53'),
	('Menù light', 'Strongozzi alla Furente FISSO', '2019-06-01 19:39:53', '2019-06-01 19:39:53'),
	('Menù light', 'Tozzetti e Acchiappa femmine FISSO', '2019-06-01 19:39:53', '2019-06-01 19:39:53'),
	('Menù light', 'Vino Pietramala IGT Terre Margaritelli FISSO', '2019-06-01 19:39:53', '2019-06-01 19:39:53'),
	('Menù light', 'Vino Roccascossa 2017 IGP TERRE MARGARITELLI FISSO', '2019-06-01 19:39:53', '2019-06-01 19:39:53'),
	('Menù light', 'Zuppa di legumi FISSO', '2019-06-01 19:39:53', '2019-06-01 19:39:53'),
	('Standard', 'Acqua frizzante l. 1', '2019-05-24 23:52:11', '2019-05-24 23:52:11'),
	('Standard', 'Acqua naturale l. 1', '2019-05-24 23:52:11', '2019-05-24 23:52:11'),
	('Standard', 'Antipasto Sette Selle', '2019-05-24 23:52:11', '2019-05-24 23:52:11'),
	('Standard', 'Bruschette all Olio con prosciutto nostrano al coltello', '2019-05-24 23:52:11', '2019-05-24 23:52:11'),
	('Standard', 'Bruschette con crema di fave e pecorino', '2019-05-24 23:52:11', '2019-05-24 23:52:11'),
	('Standard', 'Capunti all ortolana', '2019-05-24 23:52:11', '2019-05-24 23:52:11'),
	('Standard', 'Cheesecake', '2019-05-24 23:52:11', '2019-05-24 23:52:11'),
	('Standard', 'Coratella di agnello con crescia', '2019-05-24 23:52:11', '2019-05-24 23:52:11'),
	('Standard', 'Correzione panna', '2019-06-01 14:31:28', '2019-06-01 14:31:28'),
	('Standard', 'Crepes Caterina Nutella frutta del giorno', '2019-06-01 14:31:28', '2019-06-01 14:31:28'),
	('Standard', 'Crepes Eliabetta Nutella', '2019-06-01 14:31:28', '2019-06-01 14:31:28'),
	('Standard', 'Crepes Isabella Nutella e granella nocciole', '2019-06-01 14:31:28', '2019-06-01 14:31:28'),
	('Standard', 'Crepes Maria Nutella e granella di cocco', '2019-06-01 14:31:28', '2019-06-01 14:31:28'),
	('Standard', 'Crepes Maria Stuarda Marm. Arancia e gran. fondente', '2019-06-01 14:31:28', '2019-06-01 14:31:28'),
	('Standard', 'Erba spadellata', '2019-05-24 23:52:11', '2019-05-24 23:52:11'),
	('Standard', 'Faraona alla ghiotta su crostone di pane', '2019-05-24 23:52:11', '2019-05-24 23:52:11'),
	('Standard', 'GF Antipasto Sette Selle', '2019-05-24 23:52:11', '2019-05-24 23:52:11'),
	('Standard', 'GF Bruschette all Olio con prosciutto nostrano al coltello', '2019-05-24 23:52:11', '2019-05-24 23:52:11'),
	('Standard', 'GF Bruschette con crema di fave e pecorino', '2019-05-24 23:52:11', '2019-05-24 23:52:11'),
	('Standard', 'GF Cheesecake', '2019-05-24 23:52:11', '2019-05-24 23:52:11'),
	('Standard', 'GF Coratella di agnello con crescia', '2019-05-24 23:52:11', '2019-05-24 23:52:11'),
	('Standard', 'GF Erba spadellata', '2019-05-24 23:52:11', '2019-05-24 23:52:11'),
	('Standard', 'GF Faraona alla ghiotta su crostone di pane', '2019-05-24 23:52:11', '2019-05-24 23:52:11'),
	('Standard', 'GF Gnocchi con fonduta di pecorino, zafferano e tartufo', '2019-05-24 23:52:11', '2019-05-24 23:52:11'),
	('Standard', 'GF Guancia di maiale al vino rosso con erba spadellata', '2019-05-24 23:52:11', '2019-05-24 23:52:11'),
	('Standard', 'GF Lumache al sugo con erba spadellata', '2019-05-24 23:52:11', '2019-05-24 23:52:11'),
	('Standard', 'GF Misticanza', '2019-05-24 23:52:11', '2019-05-24 23:52:11'),
	('Standard', 'GF Misticanza di bruschette', '2019-05-24 23:52:11', '2019-05-24 23:52:11'),
	('Standard', 'GF Pancia di maiale croccante con patate al forno', '2019-05-24 23:52:11', '2019-05-24 23:52:11'),
	('Standard', 'GF Pappa al pomodoro con pesto di basilico e crostini croccanti', '2019-05-24 23:52:11', '2019-05-24 23:52:11'),
	('Standard', 'GF Patate arrosto', '2019-05-24 23:52:11', '2019-05-24 23:52:11'),
	('Standard', 'GF Reale di vitello al forno', '2019-05-24 23:52:11', '2019-05-24 23:52:11'),
	('Standard', 'GF Rocciata del Re', '2019-05-24 23:52:11', '2019-05-24 23:52:11'),
	('Standard', 'GF Stinco di maiale con patate al forno', '2019-05-24 23:52:11', '2019-05-24 23:52:11'),
	('Standard', 'GF Strongozzi alla Furente', '2019-05-24 23:52:11', '2019-05-24 23:52:11'),
	('Standard', 'GF Tagliatelle al ragu bianco di chianina ', '2019-05-24 23:52:11', '2019-05-24 23:52:11'),
	('Standard', 'GF Tagliere di salumi e formaggi', '2019-05-24 23:52:11', '2019-05-24 23:52:11'),
	('Standard', 'GF Zuppa di legumi', '2019-05-24 23:52:11', '2019-05-24 23:52:11'),
	('Standard', 'GFTozzetti e Acchiappa femmine', '2019-05-24 23:52:11', '2019-05-24 23:52:11'),
	('Standard', 'Gnocchi con fonduta di pecorino, zafferano e tartufo', '2019-05-24 23:52:11', '2019-05-24 23:52:11'),
	('Standard', 'Gnocconi alla Contrastanga', '2019-05-24 23:52:11', '2019-05-24 23:52:11'),
	('Standard', 'Grechetto di Montefalco 2018 Scacciadiavoli', '2019-05-31 21:18:30', '2019-05-31 21:18:30'),
	('Standard', 'Guancia di maiale al vino rosso con erba spadellata', '2019-05-24 23:52:11', '2019-05-24 23:52:11'),
	('Standard', 'Lumache al sugo con erba spadellata', '2019-05-24 23:52:11', '2019-05-24 23:52:11'),
	('Standard', 'Misticanza', '2019-05-24 23:52:11', '2019-05-24 23:52:11'),
	('Standard', 'Misticanza di bruschette', '2019-05-24 23:52:11', '2019-05-24 23:52:11'),
	('Standard', 'Pancia di maiale croccante con patate al forno', '2019-05-24 23:52:11', '2019-05-24 23:52:11'),
	('Standard', 'Pane e Coperto', '2019-05-24 23:52:11', '2019-05-24 23:52:11'),
	('Standard', 'Pappa al pomodoro con pesto di basilico e crostini croccanti', '2019-05-24 23:52:11', '2019-05-24 23:52:11'),
	('Standard', 'Patate arrosto', '2019-05-24 23:52:11', '2019-05-24 23:52:11'),
	('Standard', 'Reale di vitello al forno', '2019-05-24 23:52:11', '2019-05-24 23:52:11'),
	('Standard', 'Rocciata del Re servita con gelato alla Rocciata', '2019-05-24 23:52:11', '2019-05-24 23:52:11'),
	('Standard', 'Stinco di maiale con patate al forno', '2019-05-24 23:52:11', '2019-05-24 23:52:11'),
	('Standard', 'Strongozzi alla Furente', '2019-05-24 23:52:11', '2019-05-24 23:52:11'),
	('Standard', 'Tagliatelle al ragu bianco di chianina ', '2019-05-24 23:52:11', '2019-05-24 23:52:11'),
	('Standard', 'Tagliere di affettati Salumeria Pizzoni', '2019-05-24 23:52:11', '2019-05-24 23:52:11'),
	('Standard', 'Tozzetti e Acchiappa femmine', '2019-05-24 23:52:11', '2019-05-24 23:52:11'),
	('Standard', 'Vino Arneto Trebbiano Spoletino 2016 IGT TENUTA BELLA FONTE', '2019-05-24 23:52:11', '2019-05-24 23:52:11'),
	('Standard', 'Vino Bianco Greco di Renabianca 2017 IGP TERRE MARGARITELLI', '2019-05-24 23:52:11', '2019-05-24 23:52:11'),
	('Standard', 'Vino Bianco Popolani Pietramala', '2019-05-31 09:47:36', '2019-05-31 09:47:36'),
	('Standard', 'Vino Bianco Umbria 2018 IGT MILZIADE ANTANO', '2019-05-24 23:52:11', '2019-05-24 23:52:11'),
	('Standard', 'Vino Malot 2016 IGP TERRE MARGARITELLI', '2019-05-24 23:52:11', '2019-05-24 23:52:11'),
	('Standard', 'Vino Montefalco Rosso 2016 DOC MILZIADE ANTANO', '2019-05-24 23:52:11', '2019-05-24 23:52:11'),
	('Standard', 'Vino Montefalco Sagrantino BIO 2012 DOCG PLANI ARCHE', '2019-05-24 23:52:11', '2019-05-24 23:52:11'),
	('Standard', 'Vino Pietramala IGT Terre Margaritelli', '2019-05-24 23:52:11', '2019-05-24 23:52:11'),
	('Standard', 'Vino RISERVA Montefalco Rosso 2016 DOC MILZIADE ANTANO', '2019-05-24 23:52:11', '2019-05-24 23:52:11'),
	('Standard', 'Vino Roccascossa 2017 IGP TERRE MARGARITELLI', '2019-05-24 23:52:11', '2019-05-24 23:52:11'),
	('Standard', 'Vino Rosso Popolani Roccascossa', '2019-05-31 09:47:36', '2019-05-31 09:47:36'),
	('Standard', 'Vino Rosso Umbria 2015 IGT SCACCIADIAVOLI', '2019-05-24 23:52:11', '2019-05-24 23:52:11'),
	('Standard', 'Vino Sagrantino passito DOCG 2011 0,375 lt PLANI ARCHE', '2019-05-24 23:52:11', '2019-05-24 23:52:11'),
	('Standard', 'Zuppa della Dama', '2019-05-24 23:52:11', '2019-05-24 23:52:11'),
	('Standard', 'Zuppa di legumi', '2019-05-24 23:52:11', '2019-05-24 23:52:11');
/*!40000 ALTER TABLE `composizionemenu` ENABLE KEYS */;

-- Dump della struttura di tabella gestionale_giu2019.composizioneportata
CREATE TABLE IF NOT EXISTS `composizioneportata` (
  `portata` varchar(100) NOT NULL,
  `materia_prima` varchar(40) NOT NULL,
  `peso` decimal(6,3) NOT NULL,
  `data_creazione` timestamp NOT NULL DEFAULT CURRENT_TIMESTAMP,
  `data_aggiornamento` timestamp NOT NULL DEFAULT CURRENT_TIMESTAMP ON UPDATE CURRENT_TIMESTAMP,
  PRIMARY KEY (`portata`,`materia_prima`),
  KEY `nome materia1_idx` (`materia_prima`),
  CONSTRAINT `nome materia1` FOREIGN KEY (`materia_prima`) REFERENCES `materieprime` (`nome_materia`) ON DELETE NO ACTION ON UPDATE NO ACTION,
  CONSTRAINT `nome portata1` FOREIGN KEY (`portata`) REFERENCES `portata` (`nome_portata`) ON DELETE CASCADE ON UPDATE CASCADE
) ENGINE=InnoDB DEFAULT CHARSET=utf8;

-- Dump dei dati della tabella gestionale_giu2019.composizioneportata: ~0 rows (circa)
/*!40000 ALTER TABLE `composizioneportata` DISABLE KEYS */;
/*!40000 ALTER TABLE `composizioneportata` ENABLE KEYS */;

-- Dump della struttura di tabella gestionale_giu2019.materieprime
CREATE TABLE IF NOT EXISTS `materieprime` (
  `nome_materia` varchar(40) NOT NULL,
  `genere` varchar(45) NOT NULL,
  `data_creazione` timestamp NOT NULL DEFAULT CURRENT_TIMESTAMP,
  `data_aggiornamento` timestamp NOT NULL DEFAULT CURRENT_TIMESTAMP ON UPDATE CURRENT_TIMESTAMP,
  PRIMARY KEY (`nome_materia`)
) ENGINE=InnoDB DEFAULT CHARSET=utf8;

-- Dump dei dati della tabella gestionale_giu2019.materieprime: ~0 rows (circa)
/*!40000 ALTER TABLE `materieprime` DISABLE KEYS */;
/*!40000 ALTER TABLE `materieprime` ENABLE KEYS */;

-- Dump della struttura di tabella gestionale_giu2019.menu
CREATE TABLE IF NOT EXISTS `menu` (
  `id` int(11) NOT NULL,
  `nome_menu` varchar(50) NOT NULL,
  `data_creazione` timestamp NOT NULL DEFAULT CURRENT_TIMESTAMP,
  `data_aggiornamento` timestamp NOT NULL DEFAULT CURRENT_TIMESTAMP ON UPDATE CURRENT_TIMESTAMP,
  `fisso` tinyint(1) NOT NULL DEFAULT '0',
  `prezzo_fisso` decimal(5,2) DEFAULT NULL,
  PRIMARY KEY (`nome_menu`)
) ENGINE=InnoDB DEFAULT CHARSET=utf8;

-- Dump dei dati della tabella gestionale_giu2019.menu: ~16 rows (circa)
/*!40000 ALTER TABLE `menu` DISABLE KEYS */;
INSERT INTO `menu` (`id`, `nome_menu`, `data_creazione`, `data_aggiornamento`, `fisso`, `prezzo_fisso`) VALUES
	(2, 'Dama e Cavaliere', '2019-05-28 01:28:36', '2019-05-28 01:28:36', 1, 20.00),
	(4, 'Men&amp;amp;amp;amp;amp;amp;ugrave; completo', '2019-06-01 19:40:49', '2019-06-01 19:40:49', 1, 22.00),
	(3, 'Men&amp;amp;amp;amp;amp;amp;ugrave; light', '2019-06-01 19:29:35', '2019-06-01 19:29:35', 1, 15.00),
	(4, 'Men&amp;amp;amp;amp;amp;ugrave; completo', '2019-06-01 19:40:49', '2019-06-01 19:40:49', 1, 22.00),
	(3, 'Men&amp;amp;amp;amp;amp;ugrave; light', '2019-06-01 19:29:35', '2019-06-01 19:29:35', 1, 15.00),
	(4, 'Men&amp;amp;amp;amp;ugrave; completo', '2019-06-01 19:40:49', '2019-06-01 19:40:49', 1, 22.00),
	(3, 'Men&amp;amp;amp;amp;ugrave; light', '2019-06-01 19:29:35', '2019-06-01 19:29:35', 1, 15.00),
	(4, 'Men&amp;amp;amp;ugrave; completo', '2019-06-01 19:40:49', '2019-06-01 19:40:49', 1, 22.00),
	(3, 'Men&amp;amp;amp;ugrave; light', '2019-06-01 19:29:35', '2019-06-01 19:29:35', 1, 15.00),
	(4, 'Men&amp;amp;ugrave; completo', '2019-06-01 19:40:49', '2019-06-01 19:40:49', 1, 22.00),
	(3, 'Men&amp;amp;ugrave; light', '2019-06-01 19:29:35', '2019-06-01 19:29:35', 1, 15.00),
	(4, 'Men&amp;ugrave; completo', '2019-06-01 19:40:49', '2019-06-01 19:40:49', 1, 22.00),
	(3, 'Men&amp;ugrave; light', '2019-06-01 19:29:35', '2019-06-01 19:29:35', 1, 15.00),
	(4, 'Men&ugrave; completo', '2019-06-01 19:40:49', '2019-06-01 19:40:49', 1, 22.00),
	(3, 'Men&ugrave; light', '2019-06-01 19:29:35', '2019-06-01 19:29:35', 1, 15.00),
	(4, 'Menù completo', '2019-06-01 19:40:49', '2019-06-01 19:40:49', 1, 22.00),
	(3, 'Menù light', '2019-06-01 19:29:35', '2019-06-01 19:29:35', 1, 15.00),
	(1, 'Standard', '2019-05-24 23:38:59', '2019-05-24 23:38:59', 0, NULL);
/*!40000 ALTER TABLE `menu` ENABLE KEYS */;

-- Dump della struttura di tabella gestionale_giu2019.menuserata
CREATE TABLE IF NOT EXISTS `menuserata` (
  `menu` varchar(50) NOT NULL,
  `serata` date NOT NULL,
  `data_creazione` timestamp NOT NULL DEFAULT CURRENT_TIMESTAMP,
  `data_aggiornamento` timestamp NOT NULL DEFAULT CURRENT_TIMESTAMP ON UPDATE CURRENT_TIMESTAMP,
  PRIMARY KEY (`menu`,`serata`),
  KEY `data serata_idx` (`serata`),
  CONSTRAINT `data serata` FOREIGN KEY (`serata`) REFERENCES `serata` (`data`) ON DELETE CASCADE ON UPDATE CASCADE,
  CONSTRAINT `nome menu1` FOREIGN KEY (`menu`) REFERENCES `menu` (`nome_menu`) ON DELETE NO ACTION ON UPDATE NO ACTION
) ENGINE=InnoDB DEFAULT CHARSET=utf8;

-- Dump dei dati della tabella gestionale_giu2019.menuserata: ~20 rows (circa)
/*!40000 ALTER TABLE `menuserata` DISABLE KEYS */;
INSERT INTO `menuserata` (`menu`, `serata`, `data_creazione`, `data_aggiornamento`) VALUES
	('Dama e Cavaliere', '2019-05-27', '2019-05-28 22:48:27', '2019-05-28 22:48:27'),
	('Dama e Cavaliere', '2019-05-30', '2019-05-30 13:53:58', '2019-05-30 13:53:58'),
	('Dama e Cavaliere', '2019-06-13', '2019-06-13 20:35:13', '2019-06-13 20:35:13'),
	('Men&amp;amp;amp;amp;amp;amp;ugrave; completo', '2019-06-01', '2019-06-01 19:44:56', '2019-06-01 19:44:56'),
	('Men&amp;amp;amp;amp;amp;amp;ugrave; light', '2019-06-01', '2019-06-01 19:44:48', '2019-06-01 19:44:48'),
	('Men&amp;amp;amp;amp;amp;ugrave; completo', '2019-06-01', '2019-06-01 19:44:56', '2019-06-01 19:44:56'),
	('Men&amp;amp;amp;amp;amp;ugrave; light', '2019-06-01', '2019-06-01 19:44:48', '2019-06-01 19:44:48'),
	('Men&amp;amp;amp;amp;ugrave; completo', '2019-06-01', '2019-06-01 19:44:56', '2019-06-01 19:44:56'),
	('Men&amp;amp;amp;amp;ugrave; light', '2019-06-01', '2019-06-01 19:44:48', '2019-06-01 19:44:48'),
	('Men&amp;amp;amp;ugrave; completo', '2019-06-01', '2019-06-01 19:44:56', '2019-06-01 19:44:56'),
	('Men&amp;amp;amp;ugrave; light', '2019-06-01', '2019-06-01 19:44:48', '2019-06-01 19:44:48'),
	('Men&amp;amp;ugrave; completo', '2019-06-01', '2019-06-01 19:44:56', '2019-06-01 19:44:56'),
	('Men&amp;amp;ugrave; light', '2019-06-01', '2019-06-01 19:44:48', '2019-06-01 19:44:48'),
	('Men&amp;ugrave; completo', '2019-06-01', '2019-06-01 19:44:56', '2019-06-01 19:44:56'),
	('Men&amp;ugrave; light', '2019-06-01', '2019-06-01 19:44:48', '2019-06-01 19:44:48'),
	('Men&ugrave; completo', '2019-06-01', '2019-06-01 19:44:56', '2019-06-01 19:44:56'),
	('Men&ugrave; light', '2019-06-01', '2019-06-01 19:44:48', '2019-06-01 19:44:48'),
	('Menù completo', '2019-06-01', '2019-06-01 19:44:56', '2019-06-01 19:44:56'),
	('Menù light', '2019-06-01', '2019-06-01 19:44:48', '2019-06-01 19:44:48'),
	('Standard', '2019-05-27', '2019-05-27 14:43:11', '2019-05-27 14:43:11'),
	('Standard', '2019-05-30', '2019-05-30 13:53:38', '2019-05-30 13:53:38'),
	('Standard', '2019-05-31', '2019-05-31 15:43:30', '2019-05-31 15:43:30'),
	('Standard', '2019-06-01', '2019-06-01 16:05:27', '2019-06-01 16:05:27'),
	('Standard', '2019-06-13', '2019-06-13 20:35:26', '2019-06-13 20:35:26');
/*!40000 ALTER TABLE `menuserata` ENABLE KEYS */;

-- Dump della struttura di tabella gestionale_giu2019.ordini
CREATE TABLE IF NOT EXISTS `ordini` (
  `quantita` int(11) NOT NULL,
  `data_creazione` timestamp NOT NULL DEFAULT CURRENT_TIMESTAMP,
  `data_aggiornamento` timestamp NOT NULL DEFAULT CURRENT_TIMESTAMP ON UPDATE CURRENT_TIMESTAMP,
  `serata` date NOT NULL,
  `tavolo` int(10) unsigned NOT NULL,
  `indice` int(10) unsigned NOT NULL,
  `portata` varchar(100) NOT NULL,
  PRIMARY KEY (`serata`,`tavolo`,`indice`,`portata`),
  KEY `tavoloord_idx` (`tavolo`),
  KEY `indiceord_idx` (`indice`),
  KEY `portataord_idx` (`portata`),
  KEY `serataord_idx` (`serata`),
  CONSTRAINT `indiceord` FOREIGN KEY (`indice`) REFERENCES `comande` (`indice`) ON DELETE CASCADE ON UPDATE CASCADE,
  CONSTRAINT `portataord` FOREIGN KEY (`portata`) REFERENCES `portata` (`nome_portata`) ON DELETE NO ACTION ON UPDATE CASCADE,
  CONSTRAINT `serataord` FOREIGN KEY (`serata`) REFERENCES `comande` (`serata`) ON DELETE CASCADE ON UPDATE CASCADE,
  CONSTRAINT `tavoloord` FOREIGN KEY (`tavolo`) REFERENCES `comande` (`tavolo`) ON DELETE CASCADE ON UPDATE CASCADE
) ENGINE=InnoDB DEFAULT CHARSET=utf8;

-- Dump dei dati della tabella gestionale_giu2019.ordini: ~16 rows (circa)
/*!40000 ALTER TABLE `ordini` DISABLE KEYS */;
INSERT INTO `ordini` (`quantita`, `data_creazione`, `data_aggiornamento`, `serata`, `tavolo`, `indice`, `portata`) VALUES
	(3, '2019-08-19 21:09:40', '2019-08-19 21:09:40', '2019-06-13', 201, 1, 'Faraona alla ghiotta su crostone di pane'),
	(4, '2019-08-19 21:09:40', '2019-08-19 21:09:40', '2019-06-13', 201, 1, 'GF Bruschette all Olio con prosciutto nostrano al coltello'),
	(4, '2019-08-19 21:09:40', '2019-08-19 21:09:40', '2019-06-13', 201, 1, 'GF Bruschette con crema di fave e pecorino'),
	(3, '2019-08-19 21:09:40', '2019-08-19 21:09:40', '2019-06-13', 201, 1, 'Gnocchi con fonduta di pecorino, zafferano e tartufo'),
	(3, '2019-08-19 21:09:40', '2019-08-19 21:09:40', '2019-06-13', 201, 1, 'Gnocconi alla Contrastanga'),
	(6, '2019-08-19 21:09:40', '2019-08-19 21:09:40', '2019-06-13', 201, 1, 'Pane e Coperto'),
	(4, '2019-08-19 21:09:40', '2019-08-19 21:09:40', '2019-06-13', 201, 1, 'Vino Pietramala IGT Terre Margaritelli'),
	(3, '2019-08-19 21:09:40', '2019-08-19 21:09:40', '2019-06-13', 201, 1, 'Zuppa della Dama'),
	(3, '2019-08-25 10:39:39', '2019-08-25 10:39:39', '2019-06-13', 303, 1, 'GF Reale di vitello al forno'),
	(3, '2019-08-25 10:39:39', '2019-08-25 10:39:39', '2019-06-13', 303, 1, 'Gnocconi alla Contrastanga'),
	(5, '2019-08-25 10:39:39', '2019-08-25 10:39:39', '2019-06-13', 303, 1, 'Pane e Coperto'),
	(2, '2019-08-23 00:21:38', '2019-08-23 00:21:38', '2019-06-13', 999, 1, 'Lumache al sugo con erba spadellata'),
	(4, '2019-08-23 00:21:38', '2019-08-23 00:21:38', '2019-06-13', 999, 1, 'Pane e Coperto'),
	(2, '2019-08-23 00:21:38', '2019-08-23 00:21:38', '2019-06-13', 999, 1, 'Reale di vitello al forno'),
	(3, '2019-08-23 00:21:38', '2019-08-23 00:21:38', '2019-06-13', 999, 1, 'Stinco di maiale con patate al forno'),
	(3, '2019-08-23 00:21:38', '2019-08-23 00:21:38', '2019-06-13', 999, 1, 'Tagliatelle al ragu bianco di chianina ');
/*!40000 ALTER TABLE `ordini` ENABLE KEYS */;

-- Dump della struttura di tabella gestionale_giu2019.portata
CREATE TABLE IF NOT EXISTS `portata` (
  `id` int(11) NOT NULL,
  `nome_portata` varchar(100) NOT NULL,
  `categoria` enum('bevanda','piadina','bruschette e crostoni','pane e coperto','antipasto','primo','secondo','contorno','dolce') NOT NULL,
  `prezzo_finale` decimal(5,2) NOT NULL,
  `data_creazione` timestamp NOT NULL DEFAULT CURRENT_TIMESTAMP,
  `data_aggiornamento` timestamp NOT NULL DEFAULT CURRENT_TIMESTAMP ON UPDATE CURRENT_TIMESTAMP,
  PRIMARY KEY (`nome_portata`)
) ENGINE=InnoDB DEFAULT CHARSET=utf8;

-- Dump dei dati della tabella gestionale_giu2019.portata: ~145 rows (circa)
/*!40000 ALTER TABLE `portata` DISABLE KEYS */;
INSERT INTO `portata` (`id`, `nome_portata`, `categoria`, `prezzo_finale`, `data_creazione`, `data_aggiornamento`) VALUES
	(29, 'Acqua frizzante l. 1', 'bevanda', 1.50, '2019-05-24 23:48:11', '2019-05-24 23:48:11'),
	(29, 'Acqua frizzante l. 1 FISSO', 'bevanda', 1.50, '2019-05-24 23:43:29', '2019-05-24 23:43:29'),
	(28, 'Acqua naturale l. 1', 'bevanda', 1.50, '2019-05-24 23:48:11', '2019-05-24 23:48:11'),
	(28, 'Acqua naturale l. 1 FISSO', 'bevanda', 1.50, '2019-05-24 23:43:29', '2019-05-24 23:43:29'),
	(3, 'Antipasto Sette Selle', 'antipasto', 5.00, '2019-05-24 23:47:18', '2019-05-24 23:47:18'),
	(3, 'Antipasto Sette Selle FISSO', 'antipasto', 5.00, '2019-05-24 23:41:10', '2019-05-24 23:41:10'),
	(6, 'Bruschette all Olio con prosciutto nostrano al coltello', 'bruschette e crostoni', 4.50, '2019-05-24 23:47:18', '2019-06-01 14:09:51'),
	(6, 'Bruschette all Olio con prosciutto nostrano al coltello FISSO', 'bruschette e crostoni', 4.50, '2019-05-24 23:41:10', '2019-06-01 14:09:57'),
	(7, 'Bruschette con crema di fave e pecorino', 'bruschette e crostoni', 3.50, '2019-05-24 23:47:18', '2019-06-01 14:10:11'),
	(7, 'Bruschette con crema di fave e pecorino FISSO', 'bruschette e crostoni', 3.50, '2019-05-24 23:41:10', '2019-06-01 14:10:17'),
	(11, 'Capunti all ortolana', 'primo', 6.50, '2019-05-24 23:47:18', '2019-05-24 23:47:18'),
	(11, 'Capunti all ortolana FISSO', 'primo', 6.50, '2019-05-24 23:41:10', '2019-05-24 23:41:10'),
	(25, 'Cheesecake', 'dolce', 5.00, '2019-05-24 23:48:11', '2019-05-24 23:48:11'),
	(25, 'Cheesecake FISSO', 'dolce', 5.00, '2019-05-24 23:43:29', '2019-05-24 23:43:29'),
	(4, 'Coratella di agnello con crescia', 'antipasto', 7.00, '2019-05-24 23:47:18', '2019-05-24 23:47:18'),
	(4, 'Coratella di agnello con crescia FISSO', 'antipasto', 7.00, '2019-05-24 23:41:10', '2019-05-24 23:41:10'),
	(27, 'Correzione panna', 'piadina', 0.50, '2019-05-28 23:11:05', '2019-06-01 14:31:43'),
	(27, 'Correzione panna FISSO', 'dolce', 0.50, '2019-05-28 23:12:24', '2019-05-28 23:12:24'),
	(27, 'Crepes Caterina Nutella frutta del giorno', 'piadina', 4.00, '2019-05-28 23:11:05', '2019-06-01 14:30:38'),
	(27, 'Crepes Caterina Nutella frutta del giorno FISSO', 'piadina', 4.00, '2019-05-28 23:12:24', '2019-06-01 14:30:38'),
	(27, 'Crepes Eliabetta Nutella', 'piadina', 3.50, '2019-05-28 23:11:05', '2019-06-01 14:30:38'),
	(27, 'Crepes Eliabetta Nutella FISSO', 'piadina', 3.50, '2019-05-28 23:12:24', '2019-06-01 14:30:38'),
	(27, 'Crepes Isabella Nutella e granella nocciole', 'piadina', 4.00, '2019-05-28 23:11:05', '2019-06-01 14:30:38'),
	(27, 'Crepes Isabella Nutella e granella nocciole FISSO', 'piadina', 4.00, '2019-05-28 23:12:24', '2019-06-01 14:30:38'),
	(27, 'Crepes Maria Nutella e granella di cocco', 'piadina', 4.00, '2019-05-28 23:11:05', '2019-06-01 14:30:38'),
	(27, 'Crepes Maria Nutella e granella di cocco FISSO', 'piadina', 4.00, '2019-05-28 23:12:24', '2019-06-01 14:30:38'),
	(27, 'Crepes Maria Stuarda Marm. Arancia e gran. fondente', 'piadina', 4.50, '2019-05-28 23:11:05', '2019-06-01 14:30:38'),
	(27, 'Crepes Maria Stuarda Marm. Arancia e gran. fondente FISSO', 'piadina', 4.50, '2019-05-28 23:12:24', '2019-06-01 14:30:38'),
	(22, 'Erba spadellata', 'contorno', 3.50, '2019-05-24 23:48:11', '2019-05-28 01:50:34'),
	(22, 'Erba spadellata FISSO', 'contorno', 3.50, '2019-05-24 23:43:29', '2019-05-28 01:50:12'),
	(19, 'Faraona alla ghiotta su crostone di pane', 'secondo', 8.50, '2019-05-24 23:48:11', '2019-05-24 23:48:11'),
	(19, 'Faraona alla ghiotta su crostone di pane FISSO', 'secondo', 8.50, '2019-05-24 23:43:29', '2019-05-24 23:43:29'),
	(3, 'GF Antipasto Sette Selle', 'antipasto', 5.00, '2019-05-24 23:49:01', '2019-05-24 23:49:01'),
	(3, 'GF Antipasto Sette Selle FISSO', 'antipasto', 5.00, '2019-05-24 23:49:41', '2019-05-24 23:49:41'),
	(6, 'GF Bruschette all Olio con prosciutto nostrano al coltello', 'bruschette e crostoni', 4.50, '2019-05-24 23:49:01', '2019-06-01 14:10:02'),
	(6, 'GF Bruschette all Olio con prosciutto nostrano al coltello FISSO', 'bruschette e crostoni', 4.50, '2019-05-24 23:49:41', '2019-06-01 14:10:07'),
	(7, 'GF Bruschette con crema di fave e pecorino', 'bruschette e crostoni', 3.50, '2019-05-24 23:49:01', '2019-06-01 14:10:32'),
	(7, 'GF Bruschette con crema di fave e pecorino FISSO', 'bruschette e crostoni', 3.50, '2019-05-24 23:49:41', '2019-06-01 14:11:17'),
	(25, 'GF Cheesecake', 'dolce', 5.00, '2019-05-24 23:49:01', '2019-05-24 23:49:01'),
	(25, 'GF Cheesecake FISSO', 'dolce', 5.00, '2019-05-24 23:50:22', '2019-05-24 23:50:22'),
	(4, 'GF Coratella di agnello con crescia', 'antipasto', 7.00, '2019-05-24 23:49:01', '2019-05-24 23:49:01'),
	(4, 'GF Coratella di agnello con crescia FISSO', 'antipasto', 7.00, '2019-05-24 23:49:41', '2019-05-24 23:49:41'),
	(22, 'GF Erba spadellata', 'contorno', 3.50, '2019-05-24 23:49:01', '2019-05-28 01:50:28'),
	(22, 'GF Erba spadellata FISSO', 'contorno', 3.50, '2019-05-24 23:50:22', '2019-05-28 01:50:40'),
	(19, 'GF Faraona alla ghiotta su crostone di pane', 'secondo', 8.50, '2019-05-24 23:49:01', '2019-05-24 23:49:01'),
	(19, 'GF Faraona alla ghiotta su crostone di pane FISSO', 'secondo', 8.50, '2019-05-24 23:50:21', '2019-05-24 23:50:21'),
	(14, 'GF Gnocchi con fonduta di pecorino, zafferano e tartufo', 'primo', 8.50, '2019-05-24 23:49:01', '2019-05-24 23:49:01'),
	(14, 'GF Gnocchi con fonduta di pecorino, zafferano e tartufo FISSO', 'primo', 8.50, '2019-05-24 23:49:41', '2019-05-24 23:49:41'),
	(16, 'GF Guancia di maiale al vino rosso con erba spadellata', 'secondo', 8.00, '2019-05-24 23:49:01', '2019-05-24 23:49:01'),
	(16, 'GF Guancia di maiale al vino rosso con erba spadellata FISSO', 'secondo', 8.00, '2019-05-24 23:49:41', '2019-05-24 23:49:41'),
	(20, 'GF Lumache al sugo con erba spadellata', 'secondo', 9.00, '2019-05-24 23:49:01', '2019-05-24 23:49:01'),
	(20, 'GF Lumache al sugo con erba spadellata FISSO', 'secondo', 9.00, '2019-05-24 23:50:22', '2019-05-24 23:50:22'),
	(23, 'GF Misticanza', 'contorno', 3.50, '2019-05-24 23:49:01', '2019-05-24 23:49:01'),
	(8, 'GF Misticanza di bruschette', 'bruschette e crostoni', 4.00, '2019-05-24 23:49:01', '2019-06-01 14:11:21'),
	(8, 'GF Misticanza di bruschette FISSO', 'bruschette e crostoni', 4.00, '2019-05-24 23:49:41', '2019-06-01 14:11:36'),
	(23, 'GF Misticanza FISSO', 'contorno', 3.50, '2019-05-24 23:50:22', '2019-05-24 23:50:22'),
	(17, 'GF Pancia di maiale croccante con patate al forno', 'secondo', 8.00, '2019-05-24 23:49:01', '2019-05-24 23:49:01'),
	(17, 'GF Pancia di maiale croccante con patate al forno FISSO', 'secondo', 8.00, '2019-05-24 23:49:41', '2019-05-24 23:49:41'),
	(5, 'GF Pappa al pomodoro con pesto di basilico e crostini croccanti', 'antipasto', 4.50, '2019-05-24 23:49:01', '2019-05-24 23:49:01'),
	(5, 'GF Pappa al pomodoro con pesto di basilico e crostini croccanti FISSO', 'antipasto', 4.50, '2019-05-24 23:49:41', '2019-05-24 23:49:41'),
	(21, 'GF Patate arrosto', 'contorno', 3.50, '2019-05-24 23:49:01', '2019-05-24 23:49:01'),
	(21, 'GF Patate arrosto FISSO', 'contorno', 3.50, '2019-05-24 23:50:22', '2019-05-24 23:50:22'),
	(13, 'GF Ravioli alla Contrastanga', 'primo', 7.50, '2019-05-24 23:49:01', '2019-05-24 23:49:01'),
	(13, 'GF Ravioli alla Contrastanga FISSO', 'primo', 7.50, '2019-05-24 23:49:41', '2019-05-24 23:49:41'),
	(18, 'GF Reale di vitello al forno', 'secondo', 8.00, '2019-05-24 23:49:01', '2019-05-24 23:49:01'),
	(18, 'GF Reale di vitello al forno FISSO', 'secondo', 8.00, '2019-05-24 23:50:21', '2019-05-24 23:50:21'),
	(27, 'GF Rocciata del Re', 'dolce', 7.00, '2019-05-24 23:49:01', '2019-05-24 23:49:01'),
	(27, 'GF Rocciata del Re FISSO', 'dolce', 7.00, '2019-05-24 23:50:22', '2019-05-24 23:50:22'),
	(15, 'GF Stinco di maiale con patate al forno', 'secondo', 8.00, '2019-05-24 23:49:01', '2019-05-24 23:49:01'),
	(15, 'GF Stinco di maiale con patate al forno FISSO', 'secondo', 8.00, '2019-05-24 23:49:41', '2019-05-24 23:49:41'),
	(11, 'GF Strangozzi all ortolana', 'primo', 6.50, '2019-05-24 23:49:01', '2019-05-24 23:49:01'),
	(11, 'GF Strangozzi all ortolana FISSO', 'primo', 6.50, '2019-05-24 23:49:41', '2019-05-24 23:49:41'),
	(10, 'GF Strongozzi alla Furente', 'primo', 5.50, '2019-05-24 23:49:01', '2019-05-24 23:49:01'),
	(10, 'GF Strongozzi alla Furente FISSO', 'primo', 5.50, '2019-05-24 23:49:41', '2019-05-24 23:49:41'),
	(12, 'GF Tagliatelle al ragu bianco di chianina ', 'primo', 7.00, '2019-05-24 23:49:01', '2019-05-24 23:49:01'),
	(12, 'GF Tagliatelle al ragu bianco di chianina FISSO', 'primo', 7.00, '2019-05-24 23:49:41', '2019-05-24 23:49:41'),
	(2, 'GF Tagliere di salumi e formaggi', 'antipasto', 7.50, '2019-05-24 23:49:01', '2019-05-24 23:49:01'),
	(2, 'GF Tagliere di salumi e formaggi FISSO', 'antipasto', 7.50, '2019-05-24 23:49:41', '2019-05-24 23:49:41'),
	(9, 'GF Zuppa di legumi', 'primo', 5.00, '2019-05-24 23:49:01', '2019-05-24 23:49:01'),
	(9, 'GF Zuppa di legumi FISSO', 'primo', 5.00, '2019-05-24 23:49:41', '2019-05-24 23:49:41'),
	(24, 'GFTozzetti e Acchiappa femmine', 'dolce', 4.50, '2019-05-24 23:49:01', '2019-05-24 23:49:01'),
	(24, 'GFTozzetti e Acchiappa femmine FISSO', 'dolce', 4.50, '2019-05-24 23:50:22', '2019-05-24 23:50:22'),
	(14, 'Gnocchi con fonduta di pecorino, zafferano e tartufo', 'primo', 8.50, '2019-05-24 23:48:11', '2019-05-24 23:48:11'),
	(14, 'Gnocchi con fonduta di pecorino, zafferano e tartufo FISSO', 'primo', 8.50, '2019-05-24 23:43:29', '2019-05-24 23:43:29'),
	(13, 'Gnocconi alla Contrastanga', 'primo', 7.00, '2019-05-24 23:48:11', '2019-05-27 16:25:50'),
	(13, 'Gnocconi alla Contrastanga FISSO', 'primo', 7.00, '2019-05-24 23:43:29', '2019-05-27 16:26:16'),
	(32, 'Grechetto di Montefalco 2018 Scacciadiavoli', 'bevanda', 10.50, '2019-05-31 21:17:58', '2019-05-31 21:17:58'),
	(16, 'Guancia di maiale al vino rosso con erba spadellata', 'secondo', 8.00, '2019-05-24 23:48:11', '2019-05-24 23:48:11'),
	(16, 'Guancia di maiale al vino rosso con erba spadellata FISSO', 'secondo', 8.00, '2019-05-24 23:43:29', '2019-05-24 23:43:29'),
	(20, 'Lumache al sugo con erba spadellata', 'secondo', 9.00, '2019-05-24 23:48:11', '2019-05-24 23:48:11'),
	(20, 'Lumache al sugo con erba spadellata FISSO', 'secondo', 9.00, '2019-05-24 23:43:29', '2019-05-24 23:43:29'),
	(23, 'Misticanza', 'contorno', 3.50, '2019-05-24 23:48:11', '2019-05-24 23:48:11'),
	(8, 'Misticanza di bruschette', 'bruschette e crostoni', 4.00, '2019-05-24 23:47:18', '2019-06-01 14:11:55'),
	(8, 'Misticanza di bruschette FISSO', 'bruschette e crostoni', 4.00, '2019-05-24 23:41:10', '2019-06-01 14:12:05'),
	(23, 'Misticanza FISSO', 'contorno', 3.50, '2019-05-24 23:43:29', '2019-05-24 23:43:29'),
	(17, 'Pancia di maiale croccante con patate al forno', 'secondo', 8.00, '2019-05-24 23:48:11', '2019-05-24 23:48:11'),
	(17, 'Pancia di maiale croccante con patate al forno FISSO', 'secondo', 8.00, '2019-05-24 23:43:29', '2019-05-24 23:43:29'),
	(1, 'Pane e Coperto', 'pane e coperto', 1.00, '2019-05-24 23:47:18', '2019-05-24 23:47:18'),
	(5, 'Pappa al pomodoro con pesto di basilico e crostini croccanti', 'antipasto', 4.50, '2019-05-24 23:47:18', '2019-05-24 23:47:18'),
	(5, 'Pappa al pomodoro con pesto di basilico e crostini croccanti FISSO', 'antipasto', 4.50, '2019-05-24 23:41:10', '2019-05-24 23:41:10'),
	(21, 'Patate arrosto', 'contorno', 3.50, '2019-05-24 23:48:11', '2019-05-24 23:48:11'),
	(21, 'Patate arrosto FISSO', 'contorno', 3.50, '2019-05-24 23:43:29', '2019-05-24 23:43:29'),
	(18, 'Reale di vitello al forno', 'secondo', 8.00, '2019-05-24 23:48:11', '2019-05-24 23:48:11'),
	(18, 'Reale di vitello al forno FISSO', 'secondo', 8.00, '2019-05-24 23:43:29', '2019-05-24 23:43:29'),
	(11, 'Risotto salsiccia, zafferano e crema di burrata FISSO', 'primo', 7.50, '2019-05-28 01:36:56', '2019-05-28 01:37:54'),
	(27, 'Rocciata del Re servita con gelato alla Rocciata', 'dolce', 7.00, '2019-05-24 23:48:11', '2019-05-24 23:48:11'),
	(27, 'Rocciata del Re servita con gelato alla Rocciata FISSO', 'dolce', 7.00, '2019-05-24 23:43:29', '2019-05-24 23:43:29'),
	(15, 'Stinco di maiale con patate al forno', 'secondo', 8.00, '2019-05-24 23:48:11', '2019-05-24 23:48:11'),
	(15, 'Stinco di maiale con patate al forno FISSO', 'secondo', 8.00, '2019-05-24 23:43:29', '2019-05-24 23:43:29'),
	(10, 'Strongozzi alla Furente', 'primo', 5.50, '2019-05-24 23:47:18', '2019-05-24 23:47:18'),
	(10, 'Strongozzi alla Furente FISSO', 'primo', 5.50, '2019-05-24 23:41:10', '2019-05-24 23:41:10'),
	(12, 'Tagliatelle al ragu bianco di chianina ', 'primo', 7.00, '2019-05-24 23:48:11', '2019-05-24 23:48:11'),
	(2, 'Tagliere di affettati Salumeria Pizzoni', 'antipasto', 7.50, '2019-05-24 23:47:18', '2019-05-24 23:47:18'),
	(2, 'Tagliere di affettati Salumeria Pizzoni FISSO', 'antipasto', 7.50, '2019-05-24 23:41:10', '2019-05-24 23:41:10'),
	(7, 'Tortino di porcini e patate con crema di pomodoro FISSO', 'antipasto', 6.00, '2019-05-28 01:35:48', '2019-05-28 01:35:50'),
	(24, 'Tozzetti e Acchiappa femmine', 'dolce', 4.50, '2019-05-24 23:48:11', '2019-05-24 23:48:11'),
	(24, 'Tozzetti e Acchiappa femmine FISSO', 'dolce', 4.50, '2019-05-24 23:43:29', '2019-05-24 23:43:29'),
	(33, 'Vino Arneto Trebbiano Spoletino 2016 IGT TENUTA BELLA FONTE', 'bevanda', 19.50, '2019-05-24 23:48:11', '2019-05-24 23:48:11'),
	(33, 'Vino Arneto Trebbiano Spoletino 2016 IGT TENUTA BELLA FONTE FISSO', 'bevanda', 19.50, '2019-05-24 23:45:10', '2019-05-24 23:45:10'),
	(32, 'Vino Bianco Greco di Renabianca 2017 IGP TERRE MARGARITELLI', 'bevanda', 15.00, '2019-05-24 23:48:11', '2019-05-27 16:27:54'),
	(32, 'Vino Bianco Greco di Renabianca 2017 IGP TERRE MARGARITELLI FISSO', 'bevanda', 15.00, '2019-05-24 23:45:10', '2019-05-27 16:28:39'),
	(30, 'Vino Bianco Popolani Pietramala', 'bevanda', 5.00, '2019-05-27 16:37:45', '2019-06-02 23:33:24'),
	(31, 'Vino Bianco Umbria 2018 IGT MILZIADE ANTANO', 'bevanda', 11.00, '2019-05-24 23:48:11', '2019-05-24 23:48:11'),
	(31, 'Vino Bianco Umbria 2018 IGT MILZIADE ANTANO FISSO', 'bevanda', 11.00, '2019-05-24 23:45:10', '2019-05-24 23:45:10'),
	(36, 'Vino Malot 2016 IGP TERRE MARGARITELLI', 'bevanda', 15.00, '2019-05-24 23:48:11', '2019-05-24 23:48:11'),
	(36, 'Vino Malot 2016 IGP TERRE MARGARITELLI FISSO', 'bevanda', 15.00, '2019-05-24 23:45:10', '2019-05-24 23:45:10'),
	(37, 'Vino Montefalco Rosso 2016 DOC MILZIADE ANTANO', 'bevanda', 16.00, '2019-05-24 23:48:11', '2019-05-24 23:48:11'),
	(37, 'Vino Montefalco Rosso 2016 DOC MILZIADE ANTANO FISSO', 'bevanda', 16.00, '2019-05-24 23:45:10', '2019-05-24 23:45:10'),
	(38, 'Vino Montefalco Sagrantino BIO 2012 DOCG PLANI ARCHE', 'bevanda', 20.50, '2019-05-24 23:48:12', '2019-05-24 23:48:12'),
	(38, 'Vino Montefalco Sagrantino BIO 2012 DOCG PLANI ARCHE FISSO', 'bevanda', 20.50, '2019-05-24 23:45:10', '2019-05-24 23:45:10'),
	(30, 'Vino Pietramala IGT Terre Margaritelli', 'bevanda', 8.00, '2019-05-24 23:48:11', '2019-05-24 23:48:11'),
	(30, 'Vino Pietramala IGT Terre Margaritelli FISSO', 'bevanda', 8.00, '2019-05-24 23:45:10', '2019-05-24 23:45:10'),
	(39, 'Vino RISERVA Montefalco Rosso 2016 DOC MILZIADE ANTANO', 'bevanda', 25.00, '2019-05-24 23:48:12', '2019-05-31 22:58:17'),
	(39, 'Vino RISERVA Montefalco Rosso 2016 DOC MILZIADE ANTANO FISSO', 'bevanda', 25.00, '2019-05-24 23:45:10', '2019-05-31 22:57:51'),
	(34, 'Vino Roccascossa 2017 IGP TERRE MARGARITELLI', 'bevanda', 8.00, '2019-05-24 23:48:11', '2019-05-24 23:48:11'),
	(34, 'Vino Roccascossa 2017 IGP TERRE MARGARITELLI FISSO', 'bevanda', 8.00, '2019-05-24 23:45:10', '2019-05-24 23:45:10'),
	(34, 'Vino Rosso Popolani Roccascossa', 'bevanda', 5.00, '2019-05-27 16:40:18', '2019-06-02 23:33:57'),
	(35, 'Vino Rosso Umbria 2015 IGT SCACCIADIAVOLI', 'bevanda', 10.50, '2019-05-24 23:48:11', '2019-05-24 23:48:11'),
	(35, 'Vino Rosso Umbria 2015 IGT SCACCIADIAVOLI FISSO', 'bevanda', 10.50, '2019-05-24 23:45:10', '2019-05-24 23:45:10'),
	(40, 'Vino Sagrantino passito DOCG 2011 0,375 lt PLANI ARCHE', 'bevanda', 20.00, '2019-05-24 23:48:12', '2019-05-27 16:07:40'),
	(40, 'Vino Sagrantino passito DOCG 2011 0,375 lt PLANI ARCHE FISSO', 'bevanda', 25.00, '2019-05-24 23:45:10', '2019-05-24 23:45:10'),
	(26, 'Zuppa della Dama', 'dolce', 5.00, '2019-05-24 23:48:11', '2019-05-24 23:48:11'),
	(26, 'Zuppa della Dama FISSO', 'dolce', 5.00, '2019-05-24 23:43:29', '2019-05-24 23:43:29'),
	(9, 'Zuppa di legumi', 'primo', 5.00, '2019-05-24 23:47:18', '2019-05-24 23:47:18'),
	(9, 'Zuppa di legumi FISSO', 'primo', 5.00, '2019-05-24 23:41:10', '2019-05-24 23:41:10');
/*!40000 ALTER TABLE `portata` ENABLE KEYS */;

-- Dump della struttura di tabella gestionale_giu2019.prenotazioni
CREATE TABLE IF NOT EXISTS `prenotazioni` (
  `serata` date NOT NULL,
  `tavoli` int(11) NOT NULL,
  `coperti` int(11) NOT NULL
) ENGINE=InnoDB DEFAULT CHARSET=utf8;

-- Dump dei dati della tabella gestionale_giu2019.prenotazioni: ~3 rows (circa)
/*!40000 ALTER TABLE `prenotazioni` DISABLE KEYS */;
INSERT INTO `prenotazioni` (`serata`, `tavoli`, `coperti`) VALUES
	('2019-05-31', 0, 62),
	('2019-05-31', 0, 62),
	('2019-05-31', 0, 62);
/*!40000 ALTER TABLE `prenotazioni` ENABLE KEYS */;

-- Dump della struttura di tabella gestionale_giu2019.programmazioneordini
CREATE TABLE IF NOT EXISTS `programmazioneordini` (
  `serata` date NOT NULL,
  `portata` varchar(100) NOT NULL,
  `tavolo` int(10) unsigned NOT NULL,
  `indice` int(11) NOT NULL,
  `stato` tinyint(4) NOT NULL,
  `idprogrammazione` int(11) DEFAULT NULL,
  `id` int(11) NOT NULL AUTO_INCREMENT,
  `timestamp` timestamp NOT NULL DEFAULT CURRENT_TIMESTAMP,
  `categoria` varchar(50) NOT NULL,
  PRIMARY KEY (`id`),
  KEY `FK_programmazioneordini_serata` (`serata`),
  KEY `FK_programmazioneordini_portata` (`portata`),
  KEY `FK_programmazioneordini_statoordine` (`stato`),
  KEY `FK_programmazioneordini_tavoli` (`tavolo`),
  CONSTRAINT `FK_programmazioneordini_portata` FOREIGN KEY (`portata`) REFERENCES `portata` (`nome_portata`) ON DELETE CASCADE ON UPDATE CASCADE,
  CONSTRAINT `FK_programmazioneordini_serata` FOREIGN KEY (`serata`) REFERENCES `serata` (`data`) ON DELETE CASCADE ON UPDATE CASCADE,
  CONSTRAINT `FK_programmazioneordini_statoordine` FOREIGN KEY (`stato`) REFERENCES `statoordine` (`id`) ON DELETE CASCADE ON UPDATE CASCADE,
  CONSTRAINT `FK_programmazioneordini_tavoli` FOREIGN KEY (`tavolo`) REFERENCES `tavoli` (`numero_tavolo`) ON DELETE CASCADE ON UPDATE CASCADE
) ENGINE=InnoDB AUTO_INCREMENT=35 DEFAULT CHARSET=utf8;

-- Dump dei dati della tabella gestionale_giu2019.programmazioneordini: ~33 rows (circa)
/*!40000 ALTER TABLE `programmazioneordini` DISABLE KEYS */;
INSERT INTO `programmazioneordini` (`serata`, `portata`, `tavolo`, `indice`, `stato`, `idprogrammazione`, `id`, `timestamp`, `categoria`) VALUES
	('2019-06-13', 'Gnocconi alla Contrastanga', 201, 1, 2, 2, 1, '2019-08-19 21:09:40', 'primo'),
	('2019-06-13', 'Gnocconi alla Contrastanga', 201, 1, 2, 4, 2, '2019-08-19 21:09:40', 'primo'),
	('2019-06-13', 'Gnocconi alla Contrastanga', 201, 1, 2, 4, 3, '2019-08-19 21:09:40', 'primo'),
	('2019-06-13', 'Gnocconi alla Contrastanga', 201, 1, 2, 6, 4, '2019-08-19 21:09:40', 'primo'),
	('2019-06-13', 'Gnocchi con fonduta di pecorino, zafferano e tartufo', 201, 1, 2, 4, 5, '2019-08-19 21:09:40', 'primo'),
	('2019-06-13', 'Gnocchi con fonduta di pecorino, zafferano e tartufo', 201, 1, 2, 4, 6, '2019-08-19 21:09:40', 'primo'),
	('2019-06-13', 'Gnocchi con fonduta di pecorino, zafferano e tartufo', 201, 1, 2, 4, 7, '2019-08-19 21:09:40', 'primo'),
	('2019-06-13', 'Gnocchi con fonduta di pecorino, zafferano e tartufo', 201, 1, 2, 5, 8, '2019-08-19 21:09:40', 'primo'),
	('2019-06-13', 'Faraona alla ghiotta su crostone di pane', 201, 1, 3, 1, 9, '2019-08-19 21:09:40', 'secondo'),
	('2019-06-13', 'Faraona alla ghiotta su crostone di pane', 201, 1, 3, 2, 10, '2019-08-19 21:09:40', 'secondo'),
	('2019-06-13', 'Faraona alla ghiotta su crostone di pane', 201, 1, 2, 4, 11, '2019-08-19 21:09:40', 'secondo'),
	('2019-06-13', 'Tagliatelle al ragu bianco di chianina ', 999, 1, 2, 2, 13, '2019-08-23 00:21:38', 'primo'),
	('2019-06-13', 'Tagliatelle al ragu bianco di chianina ', 999, 1, 2, 6, 14, '2019-08-23 00:21:38', 'primo'),
	('2019-06-13', 'Tagliatelle al ragu bianco di chianina ', 999, 1, 2, 3, 15, '2019-08-23 00:21:38', 'primo'),
	('2019-06-13', 'Tagliatelle al ragu bianco di chianina ', 999, 1, 2, 3, 16, '2019-08-23 00:21:38', 'primo'),
	('2019-06-13', 'Stinco di maiale con patate al forno', 999, 1, 2, 1, 17, '2019-08-23 00:21:38', 'secondo'),
	('2019-06-13', 'Stinco di maiale con patate al forno', 999, 1, 2, 5, 18, '2019-08-23 00:21:38', 'secondo'),
	('2019-06-13', 'Stinco di maiale con patate al forno', 999, 1, 2, 3, 19, '2019-08-23 00:21:38', 'secondo'),
	('2019-06-13', 'Stinco di maiale con patate al forno', 999, 1, 2, 4, 20, '2019-08-23 00:21:38', 'secondo'),
	('2019-06-13', 'Reale di vitello al forno', 999, 1, 2, 1, 21, '2019-08-23 00:21:38', 'secondo'),
	('2019-06-13', 'Reale di vitello al forno', 999, 1, 2, 3, 22, '2019-08-23 00:21:38', 'secondo'),
	('2019-06-13', 'Reale di vitello al forno', 999, 1, 2, 3, 23, '2019-08-23 00:21:38', 'secondo'),
	('2019-06-13', 'Lumache al sugo con erba spadellata', 999, 1, 2, 1, 24, '2019-08-23 00:21:38', 'secondo'),
	('2019-06-13', 'Lumache al sugo con erba spadellata', 999, 1, 2, 3, 25, '2019-08-23 00:21:38', 'secondo'),
	('2019-06-13', 'Lumache al sugo con erba spadellata', 999, 1, 2, 4, 26, '2019-08-23 00:21:38', 'secondo'),
	('2019-06-13', 'Gnocconi alla Contrastanga', 303, 1, 2, 2, 27, '2019-08-25 10:39:39', 'primo'),
	('2019-06-13', 'Gnocconi alla Contrastanga', 303, 1, 2, 2, 28, '2019-08-25 10:39:39', 'primo'),
	('2019-06-13', 'Gnocconi alla Contrastanga', 303, 1, 2, 2, 29, '2019-08-25 10:39:39', 'primo'),
	('2019-06-13', 'Gnocconi alla Contrastanga', 303, 1, 2, 2, 30, '2019-08-25 10:39:39', 'primo'),
	('2019-06-13', 'GF Reale di vitello al forno', 303, 1, 2, 2, 31, '2019-08-25 10:39:39', 'secondo'),
	('2019-06-13', 'GF Reale di vitello al forno', 303, 1, 2, 2, 32, '2019-08-25 10:39:39', 'secondo'),
	('2019-06-13', 'GF Reale di vitello al forno', 303, 1, 2, 2, 33, '2019-08-25 10:39:39', 'secondo'),
	('2019-06-13', 'GF Reale di vitello al forno', 303, 1, 2, 2, 34, '2019-08-25 10:39:39', 'secondo');
/*!40000 ALTER TABLE `programmazioneordini` ENABLE KEYS */;

-- Dump della struttura di tabella gestionale_giu2019.quantitapiattiserata
CREATE TABLE IF NOT EXISTS `quantitapiattiserata` (
  `serata` date NOT NULL,
  `piatto` varchar(100) NOT NULL,
  `quantita` int(11) NOT NULL,
  `data_creazione` timestamp NOT NULL DEFAULT CURRENT_TIMESTAMP,
  `data_aggiornamento` timestamp NOT NULL DEFAULT CURRENT_TIMESTAMP ON UPDATE CURRENT_TIMESTAMP,
  PRIMARY KEY (`serata`,`piatto`),
  KEY `piatto_idx` (`piatto`),
  CONSTRAINT `fk1_serata` FOREIGN KEY (`serata`) REFERENCES `serata` (`data`) ON DELETE CASCADE ON UPDATE CASCADE,
  CONSTRAINT `piatto` FOREIGN KEY (`piatto`) REFERENCES `portata` (`nome_portata`) ON DELETE CASCADE ON UPDATE CASCADE
) ENGINE=InnoDB DEFAULT CHARSET=utf8;

-- Dump dei dati della tabella gestionale_giu2019.quantitapiattiserata: ~353 rows (circa)
/*!40000 ALTER TABLE `quantitapiattiserata` DISABLE KEYS */;
INSERT INTO `quantitapiattiserata` (`serata`, `piatto`, `quantita`, `data_creazione`, `data_aggiornamento`) VALUES
	('2019-05-27', 'Acqua frizzante l. 1', 98, '2019-05-27 14:49:42', '2019-06-01 14:46:51'),
	('2019-05-27', 'Acqua naturale l. 1', 95, '2019-05-27 14:49:42', '2019-06-01 14:55:00'),
	('2019-05-27', 'Antipasto Sette Selle', 97, '2019-05-27 14:49:42', '2019-05-27 15:15:17'),
	('2019-05-27', 'Bruschette all Olio con prosciutto nostrano al coltello', 96, '2019-05-27 14:49:42', '2019-06-01 14:55:00'),
	('2019-05-27', 'Bruschette con crema di fave e pecorino', 95, '2019-05-27 14:49:42', '2019-06-01 14:50:44'),
	('2019-05-27', 'Capunti all ortolana', 97, '2019-05-27 14:49:42', '2019-05-27 15:15:17'),
	('2019-05-27', 'Cheesecake', 96, '2019-05-27 14:49:42', '2019-06-01 14:55:00'),
	('2019-05-27', 'Coratella di agnello con crescia', 99, '2019-05-27 14:49:42', '2019-05-28 17:57:51'),
	('2019-05-27', 'Erba spadellata', 97, '2019-05-27 14:49:42', '2019-06-01 14:48:43'),
	('2019-05-27', 'Faraona alla ghiotta su crostone di pane', 99, '2019-05-27 14:49:42', '2019-05-27 14:55:30'),
	('2019-05-27', 'GF Antipasto Sette Selle', 100, '2019-05-27 14:49:42', '2019-05-27 14:49:42'),
	('2019-05-27', 'GF Bruschette all Olio con prosciutto nostrano al coltello', 100, '2019-05-27 14:49:42', '2019-05-27 14:49:42'),
	('2019-05-27', 'GF Bruschette con crema di fave e pecorino', 100, '2019-05-27 14:49:42', '2019-05-27 14:49:42'),
	('2019-05-27', 'GF Cheesecake', 100, '2019-05-27 14:49:42', '2019-05-27 14:49:42'),
	('2019-05-27', 'GF Coratella di agnello con crescia', 97, '2019-05-27 14:49:42', '2019-05-27 15:15:17'),
	('2019-05-27', 'GF Erba spadellata', 100, '2019-05-27 14:49:42', '2019-05-27 14:49:42'),
	('2019-05-27', 'GF Faraona alla ghiotta su crostone di pane', 100, '2019-05-27 14:49:42', '2019-05-27 14:49:42'),
	('2019-05-27', 'GF Gnocchi con fonduta di pecorino, zafferano e tartufo', 100, '2019-05-27 14:49:42', '2019-05-27 14:49:42'),
	('2019-05-27', 'GF Guancia di maiale al vino rosso con erba spadellata', 100, '2019-05-27 14:49:42', '2019-05-27 14:49:42'),
	('2019-05-27', 'GF Lumache al sugo con erba spadellata', 99, '2019-05-27 14:49:42', '2019-05-27 14:55:30'),
	('2019-05-27', 'GF Misticanza', 100, '2019-05-27 14:49:42', '2019-05-27 14:49:42'),
	('2019-05-27', 'GF Misticanza di bruschette', 100, '2019-05-27 14:49:42', '2019-05-27 14:49:42'),
	('2019-05-27', 'GF Pancia di maiale croccante con patate al forno', 100, '2019-05-27 14:49:42', '2019-05-27 14:49:42'),
	('2019-05-27', 'GF Pappa al pomodoro con pesto di basilico e crostini croccanti', 100, '2019-05-27 14:49:42', '2019-05-27 14:49:42'),
	('2019-05-27', 'GF Patate arrosto', 99, '2019-05-27 14:49:42', '2019-05-27 14:55:30'),
	('2019-05-27', 'GF Ravioli alla Contrastanga', 97, '2019-05-27 14:49:42', '2019-05-27 15:15:17'),
	('2019-05-27', 'GF Reale di vitello al forno', 100, '2019-05-27 14:49:42', '2019-05-27 14:49:42'),
	('2019-05-27', 'GF Rocciata del Re', 99, '2019-05-27 14:49:42', '2019-05-27 14:55:30'),
	('2019-05-27', 'GF Stinco di maiale con patate al forno', 100, '2019-05-27 14:49:42', '2019-05-27 14:49:42'),
	('2019-05-27', 'GF Strangozzi all ortolana', 100, '2019-05-27 14:49:42', '2019-05-27 14:49:42'),
	('2019-05-27', 'GF Strongozzi alla Furente', 100, '2019-05-27 14:49:42', '2019-05-27 14:49:42'),
	('2019-05-27', 'GF Tagliatelle al ragu bianco di chianina ', 100, '2019-05-27 14:49:42', '2019-05-27 14:49:42'),
	('2019-05-27', 'GF Tagliere di salumi e formaggi', 100, '2019-05-27 14:49:42', '2019-05-27 14:49:42'),
	('2019-05-27', 'GF Zuppa di legumi', 100, '2019-05-27 14:49:42', '2019-05-27 14:49:42'),
	('2019-05-27', 'GFTozzetti e Acchiappa femmine', 100, '2019-05-27 14:49:42', '2019-05-27 14:49:42'),
	('2019-05-27', 'Gnocchi con fonduta di pecorino, zafferano e tartufo', 100, '2019-05-27 14:49:42', '2019-05-27 14:49:42'),
	('2019-05-27', 'Gnocconi alla Contrastanga', 98, '2019-05-27 14:49:42', '2019-06-01 14:48:43'),
	('2019-05-27', 'Guancia di maiale al vino rosso con erba spadellata', 98, '2019-05-27 14:49:42', '2019-06-01 14:45:08'),
	('2019-05-27', 'Lumache al sugo con erba spadellata', 99, '2019-05-27 14:49:42', '2019-06-01 14:46:51'),
	('2019-05-27', 'Misticanza', 99, '2019-05-27 14:49:42', '2019-06-01 14:50:44'),
	('2019-05-27', 'Misticanza di bruschette', 99, '2019-05-27 14:49:42', '2019-06-01 14:46:51'),
	('2019-05-27', 'Pancia di maiale croccante con patate al forno', 99, '2019-05-27 14:49:42', '2019-06-01 14:50:44'),
	('2019-05-27', 'Pane e Coperto', 94, '2019-05-27 14:49:42', '2019-05-28 17:57:51'),
	('2019-05-27', 'Pappa al pomodoro con pesto di basilico e crostini croccanti', 100, '2019-05-27 14:49:42', '2019-05-27 14:49:42'),
	('2019-05-27', 'Patate arrosto', 97, '2019-05-27 14:49:42', '2019-06-01 14:55:00'),
	('2019-05-27', 'Reale di vitello al forno', 99, '2019-05-27 14:49:42', '2019-06-01 14:48:43'),
	('2019-05-27', 'Rocciata del Re servita con gelato alla Rocciata', 99, '2019-05-27 14:49:42', '2019-06-01 14:48:43'),
	('2019-05-27', 'Stinco di maiale con patate al forno', 99, '2019-05-27 14:49:42', '2019-06-01 14:55:00'),
	('2019-05-27', 'Strongozzi alla Furente', 99, '2019-05-27 14:49:42', '2019-06-01 14:45:08'),
	('2019-05-27', 'Tagliatelle al ragu bianco di chianina ', 100, '2019-05-27 14:49:42', '2019-05-27 14:49:42'),
	('2019-05-27', 'Tagliere di affettati Salumeria Pizzoni', 85, '2019-05-27 14:49:42', '2019-06-01 14:55:00'),
	('2019-05-27', 'Tozzetti e Acchiappa femmine', 99, '2019-05-27 14:49:42', '2019-06-01 14:50:44'),
	('2019-05-27', 'Vino Arneto Trebbiano Spoletino 2016 IGT TENUTA BELLA FONTE', 100, '2019-05-27 14:49:42', '2019-05-27 14:49:42'),
	('2019-05-27', 'Vino Bianco Greco di Renabianca 2017 IGP TERRE MARGARITELLI', 100, '2019-05-27 14:49:42', '2019-05-27 14:49:42'),
	('2019-05-27', 'Vino Bianco Umbria 2018 IGT MILZIADE ANTANO', 99, '2019-05-27 14:49:42', '2019-05-27 14:55:30'),
	('2019-05-27', 'Vino Malot 2016 IGP TERRE MARGARITELLI', 100, '2019-05-27 14:49:42', '2019-05-27 14:49:42'),
	('2019-05-27', 'Vino Montefalco Rosso 2016 DOC MILZIADE ANTANO', 100, '2019-05-27 14:49:42', '2019-05-27 14:49:42'),
	('2019-05-27', 'Vino Montefalco Sagrantino BIO 2012 DOCG PLANI ARCHE', 100, '2019-05-27 14:49:42', '2019-05-27 14:49:42'),
	('2019-05-27', 'Vino Pietramala IGT Terre Margaritelli', 100, '2019-05-27 14:49:42', '2019-05-27 14:49:42'),
	('2019-05-27', 'Vino RISERVA Montefalco Rosso 2016 DOC MILZIADE ANTANO', 100, '2019-05-27 14:49:42', '2019-05-27 14:49:42'),
	('2019-05-27', 'Vino Roccascossa 2017 IGP TERRE MARGARITELLI', 100, '2019-05-27 14:49:42', '2019-05-27 14:49:42'),
	('2019-05-27', 'Vino Rosso Umbria 2015 IGT SCACCIADIAVOLI', 100, '2019-05-27 14:49:42', '2019-05-27 14:49:42'),
	('2019-05-27', 'Vino Sagrantino passito DOCG 2011 0,375 lt PLANI ARCHE', 99, '2019-05-27 14:49:42', '2019-05-27 14:55:30'),
	('2019-05-27', 'Zuppa della Dama', 100, '2019-05-27 14:49:42', '2019-05-27 14:49:42'),
	('2019-05-27', 'Zuppa di legumi', 98, '2019-05-27 14:49:42', '2019-06-01 14:55:00'),
	('2019-05-30', 'Acqua frizzante l. 1', 200, '2019-05-30 14:03:19', '2019-05-30 14:03:19'),
	('2019-05-30', 'Acqua frizzante l. 1 FISSO', 168, '2019-05-30 14:03:19', '2019-05-31 10:16:54'),
	('2019-05-30', 'Acqua naturale l. 1', 200, '2019-05-30 14:03:19', '2019-05-30 14:03:19'),
	('2019-05-30', 'Acqua naturale l. 1 FISSO', 162, '2019-05-30 14:03:19', '2019-05-31 10:16:54'),
	('2019-05-30', 'Antipasto Sette Selle', 200, '2019-05-30 14:03:19', '2019-05-30 14:03:19'),
	('2019-05-30', 'Bruschette all Olio con prosciutto nostrano al coltello', 200, '2019-05-30 14:03:19', '2019-05-30 14:03:19'),
	('2019-05-30', 'Bruschette con crema di fave e pecorino', 200, '2019-05-30 14:03:19', '2019-05-30 14:03:19'),
	('2019-05-30', 'Capunti all ortolana', 200, '2019-05-30 14:03:19', '2019-05-30 14:03:19'),
	('2019-05-30', 'Cheesecake', 200, '2019-05-30 14:03:19', '2019-05-30 14:03:19'),
	('2019-05-30', 'Cheesecake FISSO', 29, '2019-05-30 14:03:19', '2019-05-30 22:07:43'),
	('2019-05-30', 'Coratella di agnello con crescia', 200, '2019-05-30 14:03:19', '2019-05-30 14:03:19'),
	('2019-05-30', 'Erba spadellata', 200, '2019-05-30 14:03:19', '2019-05-30 14:03:19'),
	('2019-05-30', 'Faraona alla ghiotta su crostone di pane', 200, '2019-05-30 14:03:19', '2019-05-30 14:03:19'),
	('2019-05-30', 'GF Antipasto Sette Selle', 200, '2019-05-30 14:03:19', '2019-05-30 14:03:19'),
	('2019-05-30', 'GF Bruschette all Olio con prosciutto nostrano al coltello', 200, '2019-05-30 14:03:19', '2019-05-30 14:03:19'),
	('2019-05-30', 'GF Bruschette con crema di fave e pecorino', 200, '2019-05-30 14:03:19', '2019-05-30 14:03:19'),
	('2019-05-30', 'GF Cheesecake', 200, '2019-05-30 14:03:19', '2019-05-30 14:03:19'),
	('2019-05-30', 'GF Coratella di agnello con crescia', 200, '2019-05-30 14:03:19', '2019-05-30 14:03:19'),
	('2019-05-30', 'GF Erba spadellata', 200, '2019-05-30 14:03:19', '2019-05-30 14:03:19'),
	('2019-05-30', 'GF Faraona alla ghiotta su crostone di pane', 200, '2019-05-30 14:03:19', '2019-05-30 14:03:19'),
	('2019-05-30', 'GF Gnocchi con fonduta di pecorino, zafferano e tartufo', 200, '2019-05-30 14:03:19', '2019-05-30 14:03:19'),
	('2019-05-30', 'GF Guancia di maiale al vino rosso con erba spadellata', 200, '2019-05-30 14:03:19', '2019-05-30 14:03:19'),
	('2019-05-30', 'GF Lumache al sugo con erba spadellata', 200, '2019-05-30 14:03:19', '2019-05-30 14:03:19'),
	('2019-05-30', 'GF Misticanza', 200, '2019-05-30 14:03:19', '2019-05-30 14:03:19'),
	('2019-05-30', 'GF Misticanza di bruschette', 200, '2019-05-30 14:03:19', '2019-05-30 14:03:19'),
	('2019-05-30', 'GF Pancia di maiale croccante con patate al forno', 200, '2019-05-30 14:03:19', '2019-05-30 14:03:19'),
	('2019-05-30', 'GF Pappa al pomodoro con pesto di basilico e crostini croccanti', 200, '2019-05-30 14:03:19', '2019-05-30 14:03:19'),
	('2019-05-30', 'GF Patate arrosto', 200, '2019-05-30 14:03:19', '2019-05-30 14:03:19'),
	('2019-05-30', 'GF Reale di vitello al forno', 200, '2019-05-30 14:03:19', '2019-05-30 14:03:19'),
	('2019-05-30', 'GF Rocciata del Re', 200, '2019-05-30 14:03:19', '2019-05-30 14:03:19'),
	('2019-05-30', 'GF Stinco di maiale con patate al forno', 200, '2019-05-30 14:03:19', '2019-05-30 14:03:19'),
	('2019-05-30', 'GF Strongozzi alla Furente', 200, '2019-05-30 14:03:19', '2019-05-30 14:03:19'),
	('2019-05-30', 'GF Tagliatelle al ragu bianco di chianina ', 200, '2019-05-30 14:03:19', '2019-05-30 14:03:19'),
	('2019-05-30', 'GF Tagliere di salumi e formaggi', 200, '2019-05-30 14:03:19', '2019-05-30 14:03:19'),
	('2019-05-30', 'GF Zuppa di legumi', 200, '2019-05-30 14:03:19', '2019-05-30 14:03:19'),
	('2019-05-30', 'GFTozzetti e Acchiappa femmine', 200, '2019-05-30 14:03:19', '2019-05-30 14:03:19'),
	('2019-05-30', 'Gnocchi con fonduta di pecorino, zafferano e tartufo', 200, '2019-05-30 14:03:19', '2019-05-30 14:03:19'),
	('2019-05-30', 'Gnocconi alla Contrastanga', 200, '2019-05-30 14:03:19', '2019-05-30 14:03:19'),
	('2019-05-30', 'Guancia di maiale al vino rosso con erba spadellata', 200, '2019-05-30 14:03:19', '2019-05-30 14:03:19'),
	('2019-05-30', 'Lumache al sugo con erba spadellata', 200, '2019-05-30 14:03:19', '2019-05-30 14:03:19'),
	('2019-05-30', 'Misticanza', 200, '2019-05-30 14:03:19', '2019-05-30 14:03:19'),
	('2019-05-30', 'Misticanza di bruschette', 200, '2019-05-30 14:03:19', '2019-05-30 14:03:19'),
	('2019-05-30', 'Pancia di maiale croccante con patate al forno', 200, '2019-05-30 14:03:19', '2019-05-30 14:03:19'),
	('2019-05-30', 'Pancia di maiale croccante con patate al forno FISSO', 29, '2019-05-30 14:03:19', '2019-05-30 22:07:43'),
	('2019-05-30', 'Pane e Coperto', 28, '2019-05-30 14:03:19', '2019-05-31 09:54:49'),
	('2019-05-30', 'Pappa al pomodoro con pesto di basilico e crostini croccanti', 200, '2019-05-30 14:03:19', '2019-05-30 14:03:19'),
	('2019-05-30', 'Patate arrosto', 200, '2019-05-30 14:03:19', '2019-05-30 14:03:19'),
	('2019-05-30', 'Reale di vitello al forno', 200, '2019-05-30 14:03:19', '2019-05-30 14:03:19'),
	('2019-05-30', 'Risotto salsiccia, zafferano e crema di burrata FISSO', 29, '2019-05-30 14:03:19', '2019-05-30 22:07:43'),
	('2019-05-30', 'Rocciata del Re servita con gelato alla Rocciata', 200, '2019-05-30 14:03:19', '2019-05-30 14:03:19'),
	('2019-05-30', 'Stinco di maiale con patate al forno', 200, '2019-05-30 14:03:19', '2019-05-30 14:03:19'),
	('2019-05-30', 'Strongozzi alla Furente', 200, '2019-05-30 14:03:19', '2019-05-30 14:03:19'),
	('2019-05-30', 'Tagliatelle al ragu bianco di chianina ', 200, '2019-05-30 14:03:19', '2019-05-30 14:03:19'),
	('2019-05-30', 'Tagliere di affettati Salumeria Pizzoni', 200, '2019-05-30 14:03:19', '2019-05-30 14:03:19'),
	('2019-05-30', 'Tortino di porcini e patate con crema di pomodoro FISSO', 29, '2019-05-30 14:03:19', '2019-05-30 22:07:43'),
	('2019-05-30', 'Tozzetti e Acchiappa femmine', 200, '2019-05-30 14:03:19', '2019-05-30 14:03:19'),
	('2019-05-30', 'Vino Arneto Trebbiano Spoletino 2016 IGT TENUTA BELLA FONTE', 198, '2019-05-30 14:03:19', '2019-05-31 09:54:49'),
	('2019-05-30', 'Vino Bianco Greco di Renabianca 2017 IGP TERRE MARGARITELLI', 200, '2019-05-30 14:03:19', '2019-05-30 14:03:19'),
	('2019-05-30', 'Vino Bianco Umbria 2018 IGT MILZIADE ANTANO', 200, '2019-05-30 14:03:19', '2019-05-30 14:03:19'),
	('2019-05-30', 'Vino Malot 2016 IGP TERRE MARGARITELLI', 200, '2019-05-30 14:03:19', '2019-05-30 14:03:19'),
	('2019-05-30', 'Vino Montefalco Rosso 2016 DOC MILZIADE ANTANO', 195, '2019-05-30 14:03:19', '2019-05-31 09:54:49'),
	('2019-05-30', 'Vino Montefalco Sagrantino BIO 2012 DOCG PLANI ARCHE', 200, '2019-05-30 14:03:19', '2019-05-30 14:03:19'),
	('2019-05-30', 'Vino Pietramala IGT Terre Margaritelli', 199, '2019-05-30 14:03:19', '2019-05-31 09:54:49'),
	('2019-05-30', 'Vino Pietramala IGT Terre Margaritelli FISSO', 173, '2019-05-30 14:03:19', '2019-05-31 20:38:51'),
	('2019-05-30', 'Vino RISERVA Montefalco Rosso 2016 DOC MILZIADE ANTANO', 197, '2019-05-30 14:03:19', '2019-05-31 09:54:49'),
	('2019-05-30', 'Vino Roccascossa 2017 IGP TERRE MARGARITELLI', 198, '2019-05-30 14:03:19', '2019-05-31 09:54:49'),
	('2019-05-30', 'Vino Roccascossa 2017 IGP TERRE MARGARITELLI FISSO', 166, '2019-05-30 14:03:19', '2019-05-31 20:38:51'),
	('2019-05-30', 'Vino Rosso Umbria 2015 IGT SCACCIADIAVOLI', 200, '2019-05-30 14:03:19', '2019-05-30 14:03:19'),
	('2019-05-30', 'Vino Sagrantino passito DOCG 2011 0,375 lt PLANI ARCHE', 200, '2019-05-30 14:03:19', '2019-05-30 14:03:19'),
	('2019-05-30', 'Zuppa della Dama', 200, '2019-05-30 14:03:19', '2019-05-30 14:03:19'),
	('2019-05-30', 'Zuppa di legumi', 200, '2019-05-30 14:03:19', '2019-05-30 14:03:19'),
	('2019-05-31', 'Acqua frizzante l. 1', 190, '2019-05-31 16:02:51', '2019-05-31 22:08:39'),
	('2019-05-31', 'Acqua naturale l. 1', 166, '2019-05-31 16:02:51', '2019-05-31 22:37:16'),
	('2019-05-31', 'Antipasto Sette Selle', 183, '2019-05-31 16:02:51', '2019-05-31 21:58:01'),
	('2019-05-31', 'Bruschette all Olio con prosciutto nostrano al coltello', 188, '2019-05-31 16:02:51', '2019-05-31 22:08:39'),
	('2019-05-31', 'Bruschette con crema di fave e pecorino', 188, '2019-05-31 16:02:51', '2019-05-31 22:37:16'),
	('2019-05-31', 'Capunti all ortolana', 200, '2019-05-31 16:02:51', '2019-05-31 16:02:51'),
	('2019-05-31', 'Cheesecake', 186, '2019-05-31 16:02:51', '2019-05-31 23:26:12'),
	('2019-05-31', 'Coratella di agnello con crescia', 186, '2019-05-31 16:02:51', '2019-05-31 22:23:22'),
	('2019-05-31', 'Erba spadellata', 191, '2019-05-31 16:02:51', '2019-05-31 23:01:30'),
	('2019-05-31', 'Faraona alla ghiotta su crostone di pane', 192, '2019-05-31 16:02:51', '2019-05-31 22:53:25'),
	('2019-05-31', 'GF Antipasto Sette Selle', 200, '2019-05-31 16:02:51', '2019-05-31 16:02:51'),
	('2019-05-31', 'GF Bruschette all Olio con prosciutto nostrano al coltello', 200, '2019-05-31 16:02:51', '2019-05-31 16:02:51'),
	('2019-05-31', 'GF Bruschette con crema di fave e pecorino', 200, '2019-05-31 16:02:51', '2019-05-31 16:02:51'),
	('2019-05-31', 'GF Cheesecake', 200, '2019-05-31 16:02:51', '2019-05-31 16:02:51'),
	('2019-05-31', 'GF Coratella di agnello con crescia', 200, '2019-05-31 16:02:51', '2019-05-31 20:32:23'),
	('2019-05-31', 'GF Erba spadellata', 200, '2019-05-31 16:02:51', '2019-05-31 16:02:51'),
	('2019-05-31', 'GF Faraona alla ghiotta su crostone di pane', 199, '2019-05-31 16:02:51', '2019-05-31 21:05:40'),
	('2019-05-31', 'GF Gnocchi con fonduta di pecorino, zafferano e tartufo', 200, '2019-05-31 16:02:51', '2019-05-31 16:02:51'),
	('2019-05-31', 'GF Guancia di maiale al vino rosso con erba spadellata', 200, '2019-05-31 16:02:51', '2019-05-31 16:02:51'),
	('2019-05-31', 'GF Lumache al sugo con erba spadellata', 199, '2019-05-31 16:02:51', '2019-05-31 22:35:34'),
	('2019-05-31', 'GF Misticanza', 200, '2019-05-31 16:02:51', '2019-05-31 16:02:51'),
	('2019-05-31', 'GF Misticanza di bruschette', 200, '2019-05-31 16:02:51', '2019-05-31 16:02:51'),
	('2019-05-31', 'GF Pancia di maiale croccante con patate al forno', 200, '2019-05-31 16:02:51', '2019-05-31 16:02:51'),
	('2019-05-31', 'GF Pappa al pomodoro con pesto di basilico e crostini croccanti', 200, '2019-05-31 16:02:51', '2019-05-31 16:02:51'),
	('2019-05-31', 'GF Patate arrosto', 199, '2019-05-31 16:02:51', '2019-05-31 21:05:40'),
	('2019-05-31', 'GF Reale di vitello al forno', 200, '2019-05-31 16:02:51', '2019-05-31 16:02:51'),
	('2019-05-31', 'GF Rocciata del Re', 200, '2019-05-31 16:02:51', '2019-05-31 16:02:51'),
	('2019-05-31', 'GF Stinco di maiale con patate al forno', 200, '2019-05-31 16:02:51', '2019-05-31 16:02:51'),
	('2019-05-31', 'GF Strongozzi alla Furente', 200, '2019-05-31 16:02:51', '2019-05-31 16:02:51'),
	('2019-05-31', 'GF Tagliatelle al ragu bianco di chianina ', 200, '2019-05-31 16:02:51', '2019-05-31 16:02:51'),
	('2019-05-31', 'GF Tagliere di salumi e formaggi', 199, '2019-05-31 16:02:51', '2019-05-31 21:05:40'),
	('2019-05-31', 'GF Zuppa di legumi', 200, '2019-05-31 16:02:51', '2019-05-31 16:02:51'),
	('2019-05-31', 'GFTozzetti e Acchiappa femmine', 199, '2019-05-31 16:02:51', '2019-05-31 22:51:35'),
	('2019-05-31', 'Gnocchi con fonduta di pecorino, zafferano e tartufo', 187, '2019-05-31 16:02:51', '2019-05-31 22:37:16'),
	('2019-05-31', 'Gnocconi alla Contrastanga', 182, '2019-05-31 16:02:51', '2019-05-31 22:56:13'),
	('2019-05-31', 'Guancia di maiale al vino rosso con erba spadellata', 193, '2019-05-31 16:02:51', '2019-05-31 21:50:44'),
	('2019-05-31', 'Lumache al sugo con erba spadellata', 191, '2019-05-31 16:02:51', '2019-05-31 23:06:38'),
	('2019-05-31', 'Misticanza', 198, '2019-05-31 16:02:51', '2019-05-31 21:58:01'),
	('2019-05-31', 'Misticanza di bruschette', 178, '2019-05-31 16:02:51', '2019-05-31 22:53:25'),
	('2019-05-31', 'Pancia di maiale croccante con patate al forno', 181, '2019-05-31 16:02:51', '2019-05-31 22:36:06'),
	('2019-05-31', 'Pane e Coperto', 73, '2019-05-31 16:02:51', '2019-05-31 23:06:38'),
	('2019-05-31', 'Pappa al pomodoro con pesto di basilico e crostini croccanti', 191, '2019-05-31 16:02:51', '2019-05-31 22:53:25'),
	('2019-05-31', 'Patate arrosto', 171, '2019-05-31 16:02:51', '2019-05-31 22:50:50'),
	('2019-05-31', 'Reale di vitello al forno', 189, '2019-05-31 16:02:51', '2019-05-31 22:53:25'),
	('2019-05-31', 'Rocciata del Re servita con gelato alla Rocciata', 191, '2019-05-31 16:02:51', '2019-05-31 23:00:47'),
	('2019-05-31', 'Stinco di maiale con patate al forno', 193, '2019-05-31 16:02:51', '2019-05-31 21:50:44'),
	('2019-05-31', 'Strongozzi alla Furente', 190, '2019-05-31 16:02:51', '2019-05-31 22:04:31'),
	('2019-05-31', 'Tagliatelle al ragu bianco di chianina ', 187, '2019-05-31 16:02:51', '2019-05-31 21:45:31'),
	('2019-05-31', 'Tagliere di affettati Salumeria Pizzoni', 196, '2019-05-31 16:02:51', '2019-05-31 21:37:14'),
	('2019-05-31', 'Tozzetti e Acchiappa femmine', 194, '2019-05-31 16:02:51', '2019-05-31 22:48:43'),
	('2019-05-31', 'Vino Arneto Trebbiano Spoletino 2016 IGT TENUTA BELLA FONTE', 198, '2019-05-31 16:02:51', '2019-05-31 23:30:53'),
	('2019-05-31', 'Vino Bianco Greco di Renabianca 2017 IGP TERRE MARGARITELLI', 200, '2019-05-31 16:02:51', '2019-05-31 16:02:51'),
	('2019-05-31', 'Vino Bianco Popolani Pietramala', 200, '2019-05-31 16:02:51', '2019-05-31 16:02:51'),
	('2019-05-31', 'Vino Bianco Umbria 2018 IGT MILZIADE ANTANO', 192, '2019-05-31 16:02:51', '2019-05-31 22:33:44'),
	('2019-05-31', 'Vino Malot 2016 IGP TERRE MARGARITELLI', 199, '2019-05-31 16:02:51', '2019-05-31 20:22:03'),
	('2019-05-31', 'Vino Montefalco Rosso 2016 DOC MILZIADE ANTANO', 192, '2019-05-31 16:02:51', '2019-05-31 22:56:44'),
	('2019-05-31', 'Vino Montefalco Sagrantino BIO 2012 DOCG PLANI ARCHE', 200, '2019-05-31 16:02:51', '2019-05-31 16:02:51'),
	('2019-05-31', 'Vino Pietramala IGT Terre Margaritelli', 198, '2019-05-31 16:02:51', '2019-05-31 22:56:13'),
	('2019-05-31', 'Vino RISERVA Montefalco Rosso 2016 DOC MILZIADE ANTANO', 198, '2019-05-31 16:02:51', '2019-05-31 22:50:11'),
	('2019-05-31', 'Vino Roccascossa 2017 IGP TERRE MARGARITELLI', 198, '2019-05-31 16:02:51', '2019-05-31 21:06:02'),
	('2019-05-31', 'Vino Rosso Popolani Roccascossa', 200, '2019-05-31 16:02:51', '2019-05-31 16:02:51'),
	('2019-05-31', 'Vino Rosso Umbria 2015 IGT SCACCIADIAVOLI', 197, '2019-05-31 16:02:51', '2019-05-31 22:15:26'),
	('2019-05-31', 'Vino Sagrantino passito DOCG 2011 0,375 lt PLANI ARCHE', 200, '2019-05-31 16:02:51', '2019-05-31 16:02:51'),
	('2019-05-31', 'Zuppa della Dama', 195, '2019-05-31 16:02:51', '2019-05-31 22:48:43'),
	('2019-05-31', 'Zuppa di legumi', 195, '2019-05-31 16:02:51', '2019-05-31 22:07:36'),
	('2019-06-01', 'Acqua frizzante l. 1', 271, '2019-06-01 16:08:38', '2019-06-02 22:54:14'),
	('2019-06-01', 'Acqua naturale l. 1', 241, '2019-06-01 16:08:38', '2019-06-01 23:07:51'),
	('2019-06-01', 'Antipasto Sette Selle', 277, '2019-06-01 16:08:38', '2019-06-01 22:10:01'),
	('2019-06-01', 'Bruschette all Olio con prosciutto nostrano al coltello', 287, '2019-06-01 16:08:38', '2019-06-02 22:52:39'),
	('2019-06-01', 'Bruschette con crema di fave e pecorino', 279, '2019-06-01 16:08:38', '2019-06-01 21:50:56'),
	('2019-06-01', 'Capunti all ortolana', 297, '2019-06-01 16:08:38', '2019-06-01 21:24:14'),
	('2019-06-01', 'Cheesecake', 266, '2019-06-01 16:08:38', '2019-06-01 23:56:34'),
	('2019-06-01', 'Coratella di agnello con crescia', 275, '2019-06-01 16:08:38', '2019-06-01 22:03:39'),
	('2019-06-01', 'Correzione panna', 300, '2019-06-01 16:08:38', '2019-06-01 16:08:38'),
	('2019-06-01', 'Crepes Caterina Nutella frutta del giorno', 300, '2019-06-01 16:08:38', '2019-06-01 16:08:38'),
	('2019-06-01', 'Crepes Eliabetta Nutella', 300, '2019-06-01 16:08:38', '2019-06-01 16:08:38'),
	('2019-06-01', 'Crepes Isabella Nutella e granella nocciole', 300, '2019-06-01 16:08:38', '2019-06-01 16:08:38'),
	('2019-06-01', 'Crepes Maria Nutella e granella di cocco', 299, '2019-06-01 16:08:38', '2019-06-01 23:51:33'),
	('2019-06-01', 'Crepes Maria Stuarda Marm. Arancia e gran. fondente', 299, '2019-06-01 16:08:38', '2019-06-01 22:17:56'),
	('2019-06-01', 'Erba spadellata', 291, '2019-06-01 16:08:38', '2019-06-02 22:52:39'),
	('2019-06-01', 'Faraona alla ghiotta su crostone di pane', 287, '2019-06-01 16:08:38', '2019-06-02 22:58:12'),
	('2019-06-01', 'GF Antipasto Sette Selle', 300, '2019-06-01 16:08:38', '2019-06-01 16:08:38'),
	('2019-06-01', 'GF Bruschette all Olio con prosciutto nostrano al coltello', 295, '2019-06-01 16:08:38', '2019-06-01 22:01:58'),
	('2019-06-01', 'GF Bruschette con crema di fave e pecorino', 298, '2019-06-01 16:08:38', '2019-06-01 21:07:58'),
	('2019-06-01', 'GF Cheesecake', 298, '2019-06-01 16:08:38', '2019-06-01 23:21:48'),
	('2019-06-01', 'GF Coratella di agnello con crescia', 298, '2019-06-01 16:08:38', '2019-06-01 21:32:06'),
	('2019-06-01', 'GF Erba spadellata', 299, '2019-06-01 16:08:38', '2019-06-01 20:21:08'),
	('2019-06-01', 'GF Faraona alla ghiotta su crostone di pane', 300, '2019-06-01 16:08:38', '2019-06-01 16:08:38'),
	('2019-06-01', 'GF Gnocchi con fonduta di pecorino, zafferano e tartufo', 298, '2019-06-01 16:08:38', '2019-06-01 21:35:57'),
	('2019-06-01', 'GF Guancia di maiale al vino rosso con erba spadellata', 300, '2019-06-01 16:08:38', '2019-06-01 16:08:38'),
	('2019-06-01', 'GF Lumache al sugo con erba spadellata', 300, '2019-06-01 16:08:38', '2019-06-01 16:08:38'),
	('2019-06-01', 'GF Misticanza', 300, '2019-06-01 16:08:38', '2019-06-01 16:08:38'),
	('2019-06-01', 'GF Misticanza di bruschette', 299, '2019-06-01 16:08:38', '2019-06-01 22:03:39'),
	('2019-06-01', 'GF Pancia di maiale croccante con patate al forno', 299, '2019-06-01 16:08:38', '2019-06-01 22:03:39'),
	('2019-06-01', 'GF Pappa al pomodoro con pesto di basilico e crostini croccanti', 300, '2019-06-01 16:08:38', '2019-06-01 16:08:38'),
	('2019-06-01', 'GF Patate arrosto', 300, '2019-06-01 16:08:38', '2019-06-01 16:08:38'),
	('2019-06-01', 'GF Reale di vitello al forno', 300, '2019-06-01 16:08:38', '2019-06-01 16:08:38'),
	('2019-06-01', 'GF Rocciata del Re', 299, '2019-06-01 16:08:38', '2019-06-01 21:07:27'),
	('2019-06-01', 'GF Stinco di maiale con patate al forno', 300, '2019-06-01 16:08:38', '2019-06-01 16:08:38'),
	('2019-06-01', 'GF Strongozzi alla Furente', 300, '2019-06-01 16:08:38', '2019-06-01 16:08:38'),
	('2019-06-01', 'GF Tagliatelle al ragu bianco di chianina ', 300, '2019-06-01 16:08:38', '2019-06-01 16:08:38'),
	('2019-06-01', 'GF Tagliere di salumi e formaggi', 300, '2019-06-01 16:08:38', '2019-06-01 16:08:38'),
	('2019-06-01', 'GF Zuppa di legumi', 300, '2019-06-01 16:08:38', '2019-06-01 21:51:13'),
	('2019-06-01', 'GFTozzetti e Acchiappa femmine', 300, '2019-06-01 16:08:38', '2019-06-01 16:08:38'),
	('2019-06-01', 'Gnocchi con fonduta di pecorino, zafferano e tartufo', 261, '2019-06-01 16:08:38', '2019-06-01 22:10:01'),
	('2019-06-01', 'Gnocconi alla Contrastanga', 274, '2019-06-01 16:08:38', '2019-06-01 22:58:34'),
	('2019-06-01', 'Grechetto di Montefalco 2018 Scacciadiavoli', 298, '2019-06-01 16:08:38', '2019-06-02 22:52:39'),
	('2019-06-01', 'Guancia di maiale al vino rosso con erba spadellata', 270, '2019-06-01 16:08:38', '2019-06-01 23:28:49'),
	('2019-06-01', 'Lumache al sugo con erba spadellata', 276, '2019-06-01 16:08:38', '2019-06-01 23:04:49'),
	('2019-06-01', 'Misticanza', 298, '2019-06-01 16:08:38', '2019-06-01 21:40:29'),
	('2019-06-01', 'Misticanza di bruschette', 270, '2019-06-01 16:08:38', '2019-06-01 22:33:57'),
	('2019-06-01', 'Pancia di maiale croccante con patate al forno', 268, '2019-06-01 16:08:38', '2019-06-02 22:58:12'),
	('2019-06-01', 'Pane e Coperto', 21, '2019-06-01 16:08:38', '2019-06-02 22:52:39'),
	('2019-06-01', 'Pappa al pomodoro con pesto di basilico e crostini croccanti', 263, '2019-06-01 16:08:38', '2019-06-01 22:22:52'),
	('2019-06-01', 'Patate arrosto', 267, '2019-06-01 16:08:38', '2019-06-01 23:04:01'),
	('2019-06-01', 'Reale di vitello al forno', 282, '2019-06-01 16:08:38', '2019-06-02 22:58:12'),
	('2019-06-01', 'Rocciata del Re servita con gelato alla Rocciata', 280, '2019-06-01 16:08:38', '2019-06-01 23:56:34'),
	('2019-06-01', 'Stinco di maiale con patate al forno', 265, '2019-06-01 16:08:38', '2019-06-02 22:58:12'),
	('2019-06-01', 'Strongozzi alla Furente', 285, '2019-06-01 16:08:38', '2019-06-01 23:07:51'),
	('2019-06-01', 'Tagliatelle al ragu bianco di chianina ', 270, '2019-06-01 16:08:38', '2019-06-02 22:58:12'),
	('2019-06-01', 'Tagliere di affettati Salumeria Pizzoni', 287, '2019-06-01 16:08:38', '2019-06-01 23:14:38'),
	('2019-06-01', 'Tozzetti e Acchiappa femmine', 281, '2019-06-01 16:08:38', '2019-06-01 23:24:36'),
	('2019-06-01', 'Vino Arneto Trebbiano Spoletino 2016 IGT TENUTA BELLA FONTE', 297, '2019-06-01 16:08:38', '2019-06-01 23:33:18'),
	('2019-06-01', 'Vino Bianco Greco di Renabianca 2017 IGP TERRE MARGARITELLI', 297, '2019-06-01 16:08:38', '2019-06-01 22:10:01'),
	('2019-06-01', 'Vino Bianco Popolani Pietramala', 299, '2019-06-01 16:08:38', '2019-06-01 20:35:42'),
	('2019-06-01', 'Vino Bianco Umbria 2018 IGT MILZIADE ANTANO', 295, '2019-06-01 16:08:38', '2019-06-01 22:45:27'),
	('2019-06-01', 'Vino Malot 2016 IGP TERRE MARGARITELLI', 298, '2019-06-01 16:08:38', '2019-06-01 21:34:41'),
	('2019-06-01', 'Vino Montefalco Rosso 2016 DOC MILZIADE ANTANO', 293, '2019-06-01 16:08:38', '2019-06-02 00:05:31'),
	('2019-06-01', 'Vino Montefalco Sagrantino BIO 2012 DOCG PLANI ARCHE', 300, '2019-06-01 16:08:38', '2019-06-01 16:08:38'),
	('2019-06-01', 'Vino Pietramala IGT Terre Margaritelli', 288, '2019-06-01 16:08:38', '2019-06-01 23:00:35'),
	('2019-06-01', 'Vino RISERVA Montefalco Rosso 2016 DOC MILZIADE ANTANO', 298, '2019-06-01 16:08:38', '2019-06-02 00:05:31'),
	('2019-06-01', 'Vino Roccascossa 2017 IGP TERRE MARGARITELLI', 293, '2019-06-01 16:08:38', '2019-06-01 23:24:36'),
	('2019-06-01', 'Vino Rosso Popolani Roccascossa', 297, '2019-06-01 16:08:38', '2019-06-01 23:50:38'),
	('2019-06-01', 'Vino Rosso Umbria 2015 IGT SCACCIADIAVOLI', 285, '2019-06-01 16:08:38', '2019-06-01 23:10:10'),
	('2019-06-01', 'Vino Sagrantino passito DOCG 2011 0,375 lt PLANI ARCHE', 299, '2019-06-01 16:08:38', '2019-06-01 22:02:33'),
	('2019-06-01', 'Zuppa della Dama', 288, '2019-06-01 16:08:38', '2019-06-01 22:23:46'),
	('2019-06-01', 'Zuppa di legumi', 296, '2019-06-01 16:08:38', '2019-06-01 21:33:23'),
	('2019-06-13', 'Acqua frizzante l. 1', 100, '2019-06-13 20:41:23', '2019-06-13 20:41:23'),
	('2019-06-13', 'Acqua frizzante l. 1 FISSO', 100, '2019-06-13 20:41:23', '2019-06-13 20:41:23'),
	('2019-06-13', 'Acqua naturale l. 1', 100, '2019-06-13 20:41:23', '2019-06-13 20:41:23'),
	('2019-06-13', 'Acqua naturale l. 1 FISSO', 100, '2019-06-13 20:41:23', '2019-06-13 20:41:23'),
	('2019-06-13', 'Antipasto Sette Selle', 9, '2019-06-13 20:41:23', '2019-06-13 20:59:35'),
	('2019-06-13', 'Bruschette all Olio con prosciutto nostrano al coltello', 100, '2019-06-13 20:41:23', '2019-06-13 20:41:23'),
	('2019-06-13', 'Bruschette con crema di fave e pecorino', 100, '2019-06-13 20:41:23', '2019-06-13 20:41:23'),
	('2019-06-13', 'Capunti all ortolana', 100, '2019-06-13 20:41:23', '2019-06-13 20:41:23'),
	('2019-06-13', 'Cheesecake', 100, '2019-06-13 20:41:23', '2019-06-13 20:41:23'),
	('2019-06-13', 'Cheesecake FISSO', 100, '2019-06-13 20:41:23', '2019-06-13 20:41:23'),
	('2019-06-13', 'Coratella di agnello con crescia', 100, '2019-06-13 20:41:23', '2019-06-13 20:41:23'),
	('2019-06-13', 'Correzione panna', 100, '2019-06-13 20:41:23', '2019-06-13 20:41:23'),
	('2019-06-13', 'Crepes Caterina Nutella frutta del giorno', 100, '2019-06-13 20:41:23', '2019-06-13 20:41:23'),
	('2019-06-13', 'Crepes Eliabetta Nutella', 100, '2019-06-13 20:41:23', '2019-06-13 20:41:23'),
	('2019-06-13', 'Crepes Isabella Nutella e granella nocciole', 100, '2019-06-13 20:41:23', '2019-06-13 20:41:23'),
	('2019-06-13', 'Crepes Maria Nutella e granella di cocco', 100, '2019-06-13 20:41:23', '2019-06-13 20:41:23'),
	('2019-06-13', 'Crepes Maria Stuarda Marm. Arancia e gran. fondente', 100, '2019-06-13 20:41:23', '2019-06-13 20:41:23'),
	('2019-06-13', 'Erba spadellata', 100, '2019-06-13 20:41:23', '2019-06-13 20:41:23'),
	('2019-06-13', 'Faraona alla ghiotta su crostone di pane', 97, '2019-06-13 20:41:23', '2019-08-19 21:09:40'),
	('2019-06-13', 'GF Antipasto Sette Selle', 100, '2019-06-13 20:41:23', '2019-06-13 20:41:23'),
	('2019-06-13', 'GF Bruschette all Olio con prosciutto nostrano al coltello', 96, '2019-06-13 20:41:23', '2019-08-19 21:09:40'),
	('2019-06-13', 'GF Bruschette con crema di fave e pecorino', 96, '2019-06-13 20:41:23', '2019-08-19 21:09:40'),
	('2019-06-13', 'GF Cheesecake', 100, '2019-06-13 20:41:23', '2019-06-13 20:41:23'),
	('2019-06-13', 'GF Coratella di agnello con crescia', 100, '2019-06-13 20:41:23', '2019-06-13 20:41:23'),
	('2019-06-13', 'GF Erba spadellata', 100, '2019-06-13 20:41:23', '2019-06-13 20:41:23'),
	('2019-06-13', 'GF Faraona alla ghiotta su crostone di pane', 100, '2019-06-13 20:41:23', '2019-06-13 20:41:23'),
	('2019-06-13', 'GF Gnocchi con fonduta di pecorino, zafferano e tartufo', 100, '2019-06-13 20:41:23', '2019-06-13 20:41:23'),
	('2019-06-13', 'GF Guancia di maiale al vino rosso con erba spadellata', 100, '2019-06-13 20:41:23', '2019-06-13 20:41:23'),
	('2019-06-13', 'GF Lumache al sugo con erba spadellata', 100, '2019-06-13 20:41:23', '2019-06-13 20:41:23'),
	('2019-06-13', 'GF Misticanza', 100, '2019-06-13 20:41:23', '2019-06-13 20:41:23'),
	('2019-06-13', 'GF Misticanza di bruschette', 100, '2019-06-13 20:41:23', '2019-06-13 20:41:23'),
	('2019-06-13', 'GF Pancia di maiale croccante con patate al forno', 100, '2019-06-13 20:41:23', '2019-06-13 20:41:23'),
	('2019-06-13', 'GF Pappa al pomodoro con pesto di basilico e crostini croccanti', 100, '2019-06-13 20:41:23', '2019-06-13 20:41:23'),
	('2019-06-13', 'GF Patate arrosto', 100, '2019-06-13 20:41:23', '2019-06-13 20:41:23'),
	('2019-06-13', 'GF Reale di vitello al forno', 97, '2019-06-13 20:41:23', '2019-08-25 10:39:39'),
	('2019-06-13', 'GF Rocciata del Re', 100, '2019-06-13 20:41:23', '2019-06-13 20:41:23'),
	('2019-06-13', 'GF Stinco di maiale con patate al forno', 100, '2019-06-13 20:41:23', '2019-06-13 20:41:23'),
	('2019-06-13', 'GF Strongozzi alla Furente', 100, '2019-06-13 20:41:23', '2019-06-13 20:41:23'),
	('2019-06-13', 'GF Tagliatelle al ragu bianco di chianina ', 100, '2019-06-13 20:41:23', '2019-06-13 20:41:23'),
	('2019-06-13', 'GF Tagliere di salumi e formaggi', 100, '2019-06-13 20:41:23', '2019-06-13 20:41:23'),
	('2019-06-13', 'GF Zuppa di legumi', 100, '2019-06-13 20:41:23', '2019-06-13 20:41:23'),
	('2019-06-13', 'GFTozzetti e Acchiappa femmine', 100, '2019-06-13 20:41:23', '2019-06-13 20:41:23'),
	('2019-06-13', 'Gnocchi con fonduta di pecorino, zafferano e tartufo', 97, '2019-06-13 20:41:23', '2019-08-19 21:09:40'),
	('2019-06-13', 'Gnocconi alla Contrastanga', 91, '2019-06-13 20:41:23', '2019-08-25 10:39:39'),
	('2019-06-13', 'Grechetto di Montefalco 2018 Scacciadiavoli', 100, '2019-06-13 20:41:23', '2019-06-13 20:41:23'),
	('2019-06-13', 'Guancia di maiale al vino rosso con erba spadellata', 100, '2019-06-13 20:41:23', '2019-06-13 20:41:23'),
	('2019-06-13', 'Lumache al sugo con erba spadellata', 98, '2019-06-13 20:41:23', '2019-08-23 00:21:38'),
	('2019-06-13', 'Misticanza', 100, '2019-06-13 20:41:23', '2019-06-13 20:41:23'),
	('2019-06-13', 'Misticanza di bruschette', 100, '2019-06-13 20:41:23', '2019-06-13 20:41:23'),
	('2019-06-13', 'Pancia di maiale croccante con patate al forno', 100, '2019-06-13 20:41:23', '2019-06-13 20:41:23'),
	('2019-06-13', 'Pancia di maiale croccante con patate al forno FISSO', 100, '2019-06-13 20:41:23', '2019-06-13 20:41:23'),
	('2019-06-13', 'Pane e Coperto', 82, '2019-06-13 20:41:23', '2019-08-25 10:39:39'),
	('2019-06-13', 'Pappa al pomodoro con pesto di basilico e crostini croccanti', 100, '2019-06-13 20:41:23', '2019-06-13 20:41:23'),
	('2019-06-13', 'Patate arrosto', 98, '2019-06-13 20:41:23', '2019-08-19 21:03:05'),
	('2019-06-13', 'Reale di vitello al forno', 95, '2019-06-13 20:41:23', '2019-08-23 00:21:38'),
	('2019-06-13', 'Risotto salsiccia, zafferano e crema di burrata FISSO', 100, '2019-06-13 20:41:23', '2019-06-13 20:41:23'),
	('2019-06-13', 'Rocciata del Re servita con gelato alla Rocciata', 100, '2019-06-13 20:41:23', '2019-06-13 20:41:23'),
	('2019-06-13', 'Stinco di maiale con patate al forno', 97, '2019-06-13 20:41:23', '2019-08-23 00:21:38'),
	('2019-06-13', 'Strongozzi alla Furente', 100, '2019-06-13 20:41:23', '2019-06-13 20:41:23'),
	('2019-06-13', 'Tagliatelle al ragu bianco di chianina ', 97, '2019-06-13 20:41:23', '2019-08-23 00:21:38'),
	('2019-06-13', 'Tagliere di affettati Salumeria Pizzoni', 100, '2019-06-13 20:41:23', '2019-06-13 20:41:23'),
	('2019-06-13', 'Tortino di porcini e patate con crema di pomodoro FISSO', 100, '2019-06-13 20:41:23', '2019-06-13 20:41:23'),
	('2019-06-13', 'Tozzetti e Acchiappa femmine', 100, '2019-06-13 20:41:23', '2019-06-13 20:41:23'),
	('2019-06-13', 'Vino Arneto Trebbiano Spoletino 2016 IGT TENUTA BELLA FONTE', 100, '2019-06-13 20:41:23', '2019-06-13 20:41:23'),
	('2019-06-13', 'Vino Bianco Greco di Renabianca 2017 IGP TERRE MARGARITELLI', 100, '2019-06-13 20:41:23', '2019-06-13 20:41:23'),
	('2019-06-13', 'Vino Bianco Popolani Pietramala', 100, '2019-06-13 20:41:23', '2019-06-13 20:41:23'),
	('2019-06-13', 'Vino Bianco Umbria 2018 IGT MILZIADE ANTANO', 100, '2019-06-13 20:41:23', '2019-06-13 20:41:23'),
	('2019-06-13', 'Vino Malot 2016 IGP TERRE MARGARITELLI', 100, '2019-06-13 20:41:23', '2019-06-13 20:41:23'),
	('2019-06-13', 'Vino Montefalco Rosso 2016 DOC MILZIADE ANTANO', 100, '2019-06-13 20:41:23', '2019-06-13 20:41:23'),
	('2019-06-13', 'Vino Montefalco Sagrantino BIO 2012 DOCG PLANI ARCHE', 97, '2019-06-13 20:41:23', '2019-08-19 21:03:05'),
	('2019-06-13', 'Vino Pietramala IGT Terre Margaritelli', 96, '2019-06-13 20:41:23', '2019-08-19 21:09:40'),
	('2019-06-13', 'Vino Pietramala IGT Terre Margaritelli FISSO', 100, '2019-06-13 20:41:23', '2019-06-13 20:41:23'),
	('2019-06-13', 'Vino RISERVA Montefalco Rosso 2016 DOC MILZIADE ANTANO', 100, '2019-06-13 20:41:23', '2019-06-13 20:41:23'),
	('2019-06-13', 'Vino Roccascossa 2017 IGP TERRE MARGARITELLI', 100, '2019-06-13 20:41:23', '2019-06-13 20:41:23'),
	('2019-06-13', 'Vino Roccascossa 2017 IGP TERRE MARGARITELLI FISSO', 100, '2019-06-13 20:41:23', '2019-06-13 20:41:23'),
	('2019-06-13', 'Vino Rosso Popolani Roccascossa', 100, '2019-06-13 20:41:23', '2019-06-13 20:41:23'),
	('2019-06-13', 'Vino Rosso Umbria 2015 IGT SCACCIADIAVOLI', 100, '2019-06-13 20:41:23', '2019-06-13 20:41:23'),
	('2019-06-13', 'Vino Sagrantino passito DOCG 2011 0,375 lt PLANI ARCHE', 100, '2019-06-13 20:41:23', '2019-06-13 20:41:23'),
	('2019-06-13', 'Zuppa della Dama', 97, '2019-06-13 20:41:23', '2019-08-19 21:09:40'),
	('2019-06-13', 'Zuppa di legumi', 100, '2019-06-13 20:41:23', '2019-06-13 20:41:23');
/*!40000 ALTER TABLE `quantitapiattiserata` ENABLE KEYS */;

-- Dump della struttura di tabella gestionale_giu2019.responsabili
CREATE TABLE IF NOT EXISTS `responsabili` (
  `nome` varchar(50) NOT NULL,
  `data_creazione` timestamp NOT NULL DEFAULT CURRENT_TIMESTAMP,
  `data_aggiornamento` timestamp NOT NULL DEFAULT CURRENT_TIMESTAMP ON UPDATE CURRENT_TIMESTAMP,
  PRIMARY KEY (`nome`)
) ENGINE=InnoDB DEFAULT CHARSET=utf8;

-- Dump dei dati della tabella gestionale_giu2019.responsabili: ~33 rows (circa)
/*!40000 ALTER TABLE `responsabili` DISABLE KEYS */;
INSERT INTO `responsabili` (`nome`, `data_creazione`, `data_aggiornamento`) VALUES
	('Alessandro Del Gatto', '2019-05-30 13:59:21', '2019-05-30 13:59:21'),
	('Andrea Caldarelli', '2016-05-31 13:02:33', '2016-05-31 13:02:33'),
	('Aurora Gramaccini', '2016-05-31 13:02:33', '2016-05-31 13:02:33'),
	('Beatrice Bazzica', '2016-05-31 13:02:33', '2016-05-31 13:02:33'),
	('Carlo Mattioli', '2016-06-17 08:36:39', '2016-06-17 08:36:39'),
	('Chiara Laura Bartoli', '2016-06-03 08:59:03', '2016-06-03 08:59:03'),
	('Cruciani Edoardo', '2017-06-02 11:49:49', '2017-06-02 11:49:49'),
	('Elisa Spuntarelli', '2016-05-31 13:02:33', '2016-05-31 13:02:33'),
	('Federica Tili', '2018-06-01 15:51:52', '2018-06-01 15:51:52'),
	('Federico Porzi', '2016-05-31 13:02:33', '2016-05-31 13:02:33'),
	('Filippo Faccendini', '2016-05-31 13:02:33', '2016-05-31 13:02:33'),
	('Francesca Amodeo', '2016-05-31 13:02:33', '2016-05-31 13:02:33'),
	('Francesca Faccendini', '2016-05-31 13:02:33', '2016-05-31 13:02:33'),
	('Francesca Filippini', '2019-05-30 14:00:51', '2019-05-30 14:00:51'),
	('Gioulia x', '2018-06-01 15:54:05', '2018-06-01 15:54:05'),
	('Lavinia Pinchi', '2016-05-31 13:02:33', '2016-05-31 13:02:33'),
	('Leonardo Belloni', '2018-06-01 15:52:25', '2018-06-01 15:52:25'),
	('Leonardo Cecconi', '2019-05-30 13:58:50', '2019-05-30 13:58:50'),
	('Mariasole Parziani', '2016-05-31 13:02:33', '2016-05-31 13:02:33'),
	('Matilde Lorenzini', '2019-05-30 14:00:17', '2019-05-30 14:00:17'),
	('Matteo Vinti', '2019-05-31 15:47:43', '2019-05-31 15:47:43'),
	('Mattia Badalo', '2017-09-01 13:18:32', '2017-09-01 13:18:32'),
	('Mattia Ornielli', '2017-09-01 13:20:45', '2017-09-01 13:20:45'),
	('Pamela Mastrorilli', '2018-06-15 15:53:40', '2018-06-15 15:53:40'),
	('pier Ferri', '2016-05-31 12:48:16', '2016-05-31 12:48:16'),
	('Samanta Marchegiani', '2016-05-31 13:02:33', '2016-05-31 13:02:33'),
	('Simone Striano', '2017-09-01 13:17:01', '2017-09-01 13:17:01'),
	('Sofia Ferri', '2018-06-01 15:52:45', '2018-06-01 15:52:45'),
	('Tommaso Carini', '2016-06-01 10:08:52', '2016-06-01 10:08:52'),
	('Tommaso Mariani', '2018-06-01 15:54:54', '2018-06-01 15:54:54'),
	('Virginia Squadroni', '2019-05-31 16:00:00', '2019-05-31 16:00:00'),
	('Virginia Vagaggini', '2018-09-01 17:52:26', '2018-09-01 17:52:26'),
	('Virginia Volpi', '2018-09-05 17:25:38', '2018-09-05 17:25:38');
/*!40000 ALTER TABLE `responsabili` ENABLE KEYS */;

-- Dump della struttura di tabella gestionale_giu2019.responsabiliserata
CREATE TABLE IF NOT EXISTS `responsabiliserata` (
  `serata` date NOT NULL,
  `tavolo` int(10) unsigned NOT NULL,
  `responsabile` varchar(50) NOT NULL,
  `numero_progressivo` int(11) NOT NULL,
  `data_creazione` timestamp NOT NULL DEFAULT CURRENT_TIMESTAMP,
  `data_aggiornamento` timestamp NOT NULL DEFAULT CURRENT_TIMESTAMP ON UPDATE CURRENT_TIMESTAMP,
  PRIMARY KEY (`serata`,`tavolo`,`responsabile`,`numero_progressivo`),
  KEY `fk_ResponsabiliSerata_2_idx` (`responsabile`),
  KEY `fk_tavolo_resp_idx` (`tavolo`),
  CONSTRAINT `fk_ResponsabiliSerata_2` FOREIGN KEY (`responsabile`) REFERENCES `responsabili` (`nome`) ON DELETE NO ACTION ON UPDATE NO ACTION,
  CONSTRAINT `fk_serata` FOREIGN KEY (`serata`) REFERENCES `serata` (`data`) ON DELETE CASCADE ON UPDATE CASCADE,
  CONSTRAINT `fk_tavolo_resp` FOREIGN KEY (`tavolo`) REFERENCES `tavoli` (`numero_tavolo`) ON DELETE NO ACTION ON UPDATE CASCADE
) ENGINE=InnoDB DEFAULT CHARSET=utf8;

-- Dump dei dati della tabella gestionale_giu2019.responsabiliserata: ~338 rows (circa)
/*!40000 ALTER TABLE `responsabiliserata` DISABLE KEYS */;
INSERT INTO `responsabiliserata` (`serata`, `tavolo`, `responsabile`, `numero_progressivo`, `data_creazione`, `data_aggiornamento`) VALUES
	('2019-05-27', 101, 'Beatrice Bazzica', 1, '2019-05-27 14:45:59', '2019-05-27 14:45:59'),
	('2019-05-27', 102, 'Beatrice Bazzica', 1, '2019-05-27 14:45:59', '2019-05-27 14:45:59'),
	('2019-05-27', 103, 'Beatrice Bazzica', 1, '2019-05-27 14:45:59', '2019-05-27 14:45:59'),
	('2019-05-27', 104, 'Beatrice Bazzica', 1, '2019-05-27 14:45:59', '2019-05-27 14:45:59'),
	('2019-05-27', 105, 'Beatrice Bazzica', 1, '2019-05-27 14:45:59', '2019-05-27 14:45:59'),
	('2019-05-27', 106, 'Beatrice Bazzica', 1, '2019-05-27 14:45:59', '2019-05-27 14:45:59'),
	('2019-05-27', 107, 'Beatrice Bazzica', 1, '2019-05-27 14:45:59', '2019-05-27 14:45:59'),
	('2019-05-27', 108, 'Beatrice Bazzica', 1, '2019-05-27 14:45:59', '2019-05-27 14:45:59'),
	('2019-05-27', 109, 'Beatrice Bazzica', 1, '2019-05-27 14:45:59', '2019-05-27 14:45:59'),
	('2019-05-27', 110, 'Beatrice Bazzica', 1, '2019-05-27 14:45:59', '2019-05-27 14:45:59'),
	('2019-05-27', 111, 'Beatrice Bazzica', 1, '2019-05-27 14:45:59', '2019-05-27 14:45:59'),
	('2019-05-27', 112, 'Beatrice Bazzica', 1, '2019-05-27 14:45:59', '2019-05-27 14:45:59'),
	('2019-05-27', 113, 'Beatrice Bazzica', 1, '2019-05-27 14:45:59', '2019-05-27 14:45:59'),
	('2019-05-27', 114, 'Beatrice Bazzica', 1, '2019-05-27 14:45:59', '2019-05-27 14:45:59'),
	('2019-05-27', 115, 'Beatrice Bazzica', 1, '2019-05-27 14:45:59', '2019-05-27 14:45:59'),
	('2019-05-27', 116, 'Beatrice Bazzica', 1, '2019-05-27 14:45:59', '2019-05-27 14:45:59'),
	('2019-05-27', 117, 'Beatrice Bazzica', 1, '2019-05-27 14:45:59', '2019-05-27 14:45:59'),
	('2019-05-27', 118, 'Beatrice Bazzica', 1, '2019-05-27 14:45:59', '2019-05-27 14:45:59'),
	('2019-05-27', 119, 'Beatrice Bazzica', 1, '2019-05-27 14:45:59', '2019-05-27 14:45:59'),
	('2019-05-27', 120, 'Beatrice Bazzica', 1, '2019-05-27 14:45:59', '2019-05-27 14:45:59'),
	('2019-05-27', 201, 'Elisa Spuntarelli', 1, '2019-05-27 14:46:10', '2019-05-27 14:46:10'),
	('2019-05-27', 202, 'Elisa Spuntarelli', 1, '2019-05-27 14:46:10', '2019-05-27 14:46:10'),
	('2019-05-27', 203, 'Elisa Spuntarelli', 1, '2019-05-27 14:46:10', '2019-05-27 14:46:10'),
	('2019-05-27', 204, 'Elisa Spuntarelli', 1, '2019-05-27 14:46:10', '2019-05-27 14:46:10'),
	('2019-05-27', 205, 'Elisa Spuntarelli', 1, '2019-05-27 14:46:10', '2019-05-27 14:46:10'),
	('2019-05-27', 206, 'Elisa Spuntarelli', 1, '2019-05-27 14:46:10', '2019-05-27 14:46:10'),
	('2019-05-27', 301, 'Federico Porzi', 1, '2019-05-27 14:46:26', '2019-05-27 14:46:26'),
	('2019-05-27', 302, 'Federico Porzi', 1, '2019-05-27 14:46:26', '2019-05-27 14:46:26'),
	('2019-05-27', 303, 'Federico Porzi', 1, '2019-05-27 14:46:26', '2019-05-27 14:46:26'),
	('2019-05-27', 304, 'Federico Porzi', 1, '2019-05-27 14:46:26', '2019-05-27 14:46:26'),
	('2019-05-27', 305, 'Federico Porzi', 1, '2019-05-27 14:46:26', '2019-05-27 14:46:26'),
	('2019-05-27', 306, 'Federico Porzi', 1, '2019-05-27 14:46:26', '2019-05-27 14:46:26'),
	('2019-05-27', 307, 'Federico Porzi', 1, '2019-05-27 14:46:26', '2019-05-27 14:46:26'),
	('2019-05-27', 308, 'Federico Porzi', 1, '2019-05-27 14:46:26', '2019-05-27 14:46:26'),
	('2019-05-27', 309, 'Federico Porzi', 1, '2019-05-27 14:46:26', '2019-05-27 14:46:26'),
	('2019-05-27', 401, 'Tommaso Carini', 1, '2019-05-27 14:46:51', '2019-05-27 14:46:51'),
	('2019-05-27', 402, 'Tommaso Carini', 1, '2019-05-27 14:46:51', '2019-05-27 14:46:51'),
	('2019-05-27', 403, 'Tommaso Carini', 1, '2019-05-27 14:46:51', '2019-05-27 14:46:51'),
	('2019-05-27', 404, 'Tommaso Carini', 1, '2019-05-27 14:46:51', '2019-05-27 14:46:51'),
	('2019-05-27', 405, 'Tommaso Carini', 1, '2019-05-27 14:46:51', '2019-05-27 14:46:51'),
	('2019-05-27', 406, 'Tommaso Carini', 1, '2019-05-27 14:46:51', '2019-05-27 14:46:51'),
	('2019-05-27', 501, 'Lavinia Pinchi', 1, '2019-05-27 14:47:13', '2019-05-27 14:47:13'),
	('2019-05-27', 502, 'Lavinia Pinchi', 1, '2019-05-27 14:47:13', '2019-05-27 14:47:13'),
	('2019-05-27', 503, 'Lavinia Pinchi', 1, '2019-05-27 14:47:13', '2019-05-27 14:47:13'),
	('2019-05-27', 504, 'Lavinia Pinchi', 1, '2019-05-27 14:47:13', '2019-05-27 14:47:13'),
	('2019-05-27', 505, 'Lavinia Pinchi', 1, '2019-05-27 14:47:13', '2019-05-27 14:47:13'),
	('2019-05-27', 601, 'Francesca Amodeo', 1, '2019-05-27 14:47:28', '2019-05-27 14:47:28'),
	('2019-05-27', 602, 'Francesca Amodeo', 1, '2019-05-27 14:47:28', '2019-05-27 14:47:28'),
	('2019-05-27', 603, 'Francesca Amodeo', 1, '2019-05-27 14:47:28', '2019-05-27 14:47:28'),
	('2019-05-27', 604, 'Francesca Amodeo', 1, '2019-05-27 14:47:28', '2019-05-27 14:47:28'),
	('2019-05-27', 701, 'Chiara Laura Bartoli', 1, '2019-05-27 14:47:39', '2019-05-27 14:47:39'),
	('2019-05-27', 702, 'Chiara Laura Bartoli', 1, '2019-05-27 14:47:39', '2019-05-27 14:47:39'),
	('2019-05-27', 703, 'Chiara Laura Bartoli', 1, '2019-05-27 14:47:39', '2019-05-27 14:47:39'),
	('2019-05-27', 801, 'Federica Tili', 1, '2019-05-27 14:47:51', '2019-05-27 14:47:51'),
	('2019-05-27', 802, 'Federica Tili', 1, '2019-05-27 14:47:51', '2019-05-27 14:47:51'),
	('2019-05-27', 803, 'Federica Tili', 1, '2019-05-27 14:47:51', '2019-05-27 14:47:51'),
	('2019-05-27', 804, 'Federica Tili', 1, '2019-05-27 14:47:51', '2019-05-27 14:47:51'),
	('2019-05-27', 805, 'Federica Tili', 1, '2019-05-27 14:47:51', '2019-05-27 14:47:51'),
	('2019-05-27', 806, 'Federica Tili', 1, '2019-05-27 14:47:51', '2019-05-27 14:47:51'),
	('2019-05-27', 901, 'Aurora Gramaccini', 1, '2019-05-27 14:48:10', '2019-05-27 14:48:10'),
	('2019-05-27', 902, 'Aurora Gramaccini', 1, '2019-05-27 14:48:10', '2019-05-27 14:48:10'),
	('2019-05-27', 903, 'Aurora Gramaccini', 1, '2019-05-27 14:48:10', '2019-05-27 14:48:10'),
	('2019-05-27', 904, 'Aurora Gramaccini', 1, '2019-05-27 14:48:10', '2019-05-27 14:48:10'),
	('2019-05-27', 999, 'Aurora Gramaccini', 1, '2019-05-27 14:48:10', '2019-05-27 14:48:10'),
	('2019-05-30', 101, 'Chiara Laura Bartoli', 1, '2019-05-30 13:54:57', '2019-05-30 13:54:57'),
	('2019-05-30', 102, 'Chiara Laura Bartoli', 1, '2019-05-30 13:54:57', '2019-05-30 13:54:57'),
	('2019-05-30', 103, 'Chiara Laura Bartoli', 1, '2019-05-30 13:54:57', '2019-05-30 13:54:57'),
	('2019-05-30', 104, 'Chiara Laura Bartoli', 1, '2019-05-30 13:54:57', '2019-05-30 13:54:57'),
	('2019-05-30', 105, 'Chiara Laura Bartoli', 1, '2019-05-30 13:54:57', '2019-05-30 13:54:57'),
	('2019-05-30', 106, 'Chiara Laura Bartoli', 1, '2019-05-30 13:54:57', '2019-05-30 13:54:57'),
	('2019-05-30', 107, 'Chiara Laura Bartoli', 1, '2019-05-30 13:54:57', '2019-05-30 13:54:57'),
	('2019-05-30', 108, 'Chiara Laura Bartoli', 1, '2019-05-30 13:54:57', '2019-05-30 13:54:57'),
	('2019-05-30', 109, 'Chiara Laura Bartoli', 1, '2019-05-30 13:54:57', '2019-05-30 13:54:57'),
	('2019-05-30', 110, 'Chiara Laura Bartoli', 1, '2019-05-30 13:54:57', '2019-05-30 13:54:57'),
	('2019-05-30', 111, 'Chiara Laura Bartoli', 1, '2019-05-30 13:54:57', '2019-05-30 13:54:57'),
	('2019-05-30', 112, 'Chiara Laura Bartoli', 1, '2019-05-30 13:54:57', '2019-05-30 13:54:57'),
	('2019-05-30', 113, 'Chiara Laura Bartoli', 1, '2019-05-30 13:54:57', '2019-05-30 13:54:57'),
	('2019-05-30', 114, 'Chiara Laura Bartoli', 1, '2019-05-30 13:54:57', '2019-05-30 13:54:57'),
	('2019-05-30', 115, 'Chiara Laura Bartoli', 1, '2019-05-30 13:54:57', '2019-05-30 13:54:57'),
	('2019-05-30', 116, 'Chiara Laura Bartoli', 1, '2019-05-30 13:54:57', '2019-05-30 13:54:57'),
	('2019-05-30', 117, 'Chiara Laura Bartoli', 1, '2019-05-30 13:54:57', '2019-05-30 13:54:57'),
	('2019-05-30', 118, 'Chiara Laura Bartoli', 1, '2019-05-30 13:54:57', '2019-05-30 13:54:57'),
	('2019-05-30', 119, 'Chiara Laura Bartoli', 1, '2019-05-30 13:54:57', '2019-05-30 13:54:57'),
	('2019-05-30', 120, 'Chiara Laura Bartoli', 1, '2019-05-30 13:54:57', '2019-05-30 13:54:57'),
	('2019-05-30', 201, 'Federica Tili', 1, '2019-05-30 13:55:14', '2019-05-30 13:55:14'),
	('2019-05-30', 202, 'Federica Tili', 1, '2019-05-30 13:55:14', '2019-05-30 13:55:14'),
	('2019-05-30', 203, 'Federica Tili', 1, '2019-05-30 13:55:14', '2019-05-30 13:55:14'),
	('2019-05-30', 204, 'Federica Tili', 1, '2019-05-30 13:55:14', '2019-05-30 13:55:14'),
	('2019-05-30', 205, 'Federica Tili', 1, '2019-05-30 13:55:14', '2019-05-30 13:55:14'),
	('2019-05-30', 206, 'Federica Tili', 1, '2019-05-30 13:55:14', '2019-05-30 13:55:14'),
	('2019-05-30', 301, 'Leonardo Cecconi', 1, '2019-05-30 14:01:54', '2019-05-30 14:01:54'),
	('2019-05-30', 302, 'Leonardo Cecconi', 1, '2019-05-30 14:01:54', '2019-05-30 14:01:54'),
	('2019-05-30', 303, 'Leonardo Cecconi', 1, '2019-05-30 14:01:54', '2019-05-30 14:01:54'),
	('2019-05-30', 304, 'Leonardo Cecconi', 1, '2019-05-30 14:01:54', '2019-05-30 14:01:54'),
	('2019-05-30', 305, 'Leonardo Cecconi', 1, '2019-05-30 14:01:54', '2019-05-30 14:01:54'),
	('2019-05-30', 306, 'Leonardo Cecconi', 1, '2019-05-30 14:01:54', '2019-05-30 14:01:54'),
	('2019-05-30', 307, 'Leonardo Cecconi', 1, '2019-05-30 14:01:54', '2019-05-30 14:01:54'),
	('2019-05-30', 308, 'Leonardo Cecconi', 1, '2019-05-30 14:01:54', '2019-05-30 14:01:54'),
	('2019-05-30', 309, 'Leonardo Cecconi', 1, '2019-05-30 14:01:54', '2019-05-30 14:01:54'),
	('2019-05-30', 401, 'Andrea Caldarelli', 1, '2019-05-30 13:57:30', '2019-05-30 13:57:30'),
	('2019-05-30', 402, 'Andrea Caldarelli', 1, '2019-05-30 13:57:30', '2019-05-30 13:57:30'),
	('2019-05-30', 403, 'Andrea Caldarelli', 1, '2019-05-30 13:57:30', '2019-05-30 13:57:30'),
	('2019-05-30', 404, 'Andrea Caldarelli', 1, '2019-05-30 13:57:30', '2019-05-30 13:57:30'),
	('2019-05-30', 405, 'Andrea Caldarelli', 1, '2019-05-30 13:57:30', '2019-05-30 13:57:30'),
	('2019-05-30', 406, 'Andrea Caldarelli', 1, '2019-05-30 13:57:30', '2019-05-30 13:57:30'),
	('2019-05-30', 501, 'Matilde Lorenzini', 1, '2019-05-30 14:02:15', '2019-05-30 14:02:15'),
	('2019-05-30', 502, 'Matilde Lorenzini', 1, '2019-05-30 14:02:15', '2019-05-30 14:02:15'),
	('2019-05-30', 503, 'Matilde Lorenzini', 1, '2019-05-30 14:02:15', '2019-05-30 14:02:15'),
	('2019-05-30', 504, 'Matilde Lorenzini', 1, '2019-05-30 14:02:15', '2019-05-30 14:02:15'),
	('2019-05-30', 505, 'Matilde Lorenzini', 1, '2019-05-30 14:02:15', '2019-05-30 14:02:15'),
	('2019-05-30', 601, 'Matilde Lorenzini', 1, '2019-05-30 14:02:15', '2019-05-30 14:02:15'),
	('2019-05-30', 602, 'Matilde Lorenzini', 1, '2019-05-30 14:02:15', '2019-05-30 14:02:15'),
	('2019-05-30', 603, 'Matilde Lorenzini', 1, '2019-05-30 14:02:15', '2019-05-30 14:02:15'),
	('2019-05-30', 604, 'Matilde Lorenzini', 1, '2019-05-30 14:02:15', '2019-05-30 14:02:15'),
	('2019-05-30', 701, 'Andrea Caldarelli', 1, '2019-05-30 13:57:30', '2019-05-30 13:57:30'),
	('2019-05-30', 702, 'Andrea Caldarelli', 1, '2019-05-30 13:57:30', '2019-05-30 13:57:30'),
	('2019-05-30', 703, 'Andrea Caldarelli', 1, '2019-05-30 13:57:30', '2019-05-30 13:57:30'),
	('2019-05-30', 801, 'Andrea Caldarelli', 1, '2019-05-30 13:57:30', '2019-05-30 13:57:30'),
	('2019-05-30', 802, 'Andrea Caldarelli', 1, '2019-05-30 13:57:30', '2019-05-30 13:57:30'),
	('2019-05-30', 803, 'Andrea Caldarelli', 1, '2019-05-30 13:57:30', '2019-05-30 13:57:30'),
	('2019-05-30', 804, 'Andrea Caldarelli', 1, '2019-05-30 13:57:30', '2019-05-30 13:57:30'),
	('2019-05-30', 805, 'Andrea Caldarelli', 1, '2019-05-30 13:57:30', '2019-05-30 13:57:30'),
	('2019-05-30', 806, 'Andrea Caldarelli', 1, '2019-05-30 13:57:30', '2019-05-30 13:57:30'),
	('2019-05-30', 901, 'Francesca Filippini', 1, '2019-05-30 14:02:46', '2019-05-30 14:02:46'),
	('2019-05-30', 902, 'Francesca Filippini', 1, '2019-05-30 14:02:46', '2019-05-30 14:02:46'),
	('2019-05-30', 903, 'Francesca Filippini', 1, '2019-05-30 14:02:46', '2019-05-30 14:02:46'),
	('2019-05-30', 904, 'Francesca Filippini', 1, '2019-05-30 14:02:46', '2019-05-30 14:02:46'),
	('2019-05-30', 999, 'Francesca Filippini', 1, '2019-05-30 14:02:46', '2019-05-30 14:02:46'),
	('2019-05-31', 101, 'Matteo Vinti', 1, '2019-05-31 15:49:48', '2019-05-31 15:49:48'),
	('2019-05-31', 102, 'Matteo Vinti', 1, '2019-05-31 15:49:48', '2019-05-31 15:49:48'),
	('2019-05-31', 103, 'Matteo Vinti', 1, '2019-05-31 15:49:48', '2019-05-31 15:49:48'),
	('2019-05-31', 104, 'Matteo Vinti', 1, '2019-05-31 15:49:48', '2019-05-31 15:49:48'),
	('2019-05-31', 105, 'Matteo Vinti', 1, '2019-05-31 15:49:48', '2019-05-31 15:49:48'),
	('2019-05-31', 106, 'Matteo Vinti', 1, '2019-05-31 15:49:48', '2019-05-31 15:49:48'),
	('2019-05-31', 107, 'Matteo Vinti', 1, '2019-05-31 15:49:48', '2019-05-31 15:49:48'),
	('2019-05-31', 108, 'Matteo Vinti', 1, '2019-05-31 15:49:48', '2019-05-31 15:49:48'),
	('2019-05-31', 109, 'Matteo Vinti', 1, '2019-05-31 15:49:48', '2019-05-31 15:49:48'),
	('2019-05-31', 110, 'Matteo Vinti', 1, '2019-05-31 15:49:48', '2019-05-31 15:49:48'),
	('2019-05-31', 111, 'Matteo Vinti', 1, '2019-05-31 15:49:48', '2019-05-31 15:49:48'),
	('2019-05-31', 112, 'Matteo Vinti', 1, '2019-05-31 15:49:48', '2019-05-31 15:49:48'),
	('2019-05-31', 113, 'Matteo Vinti', 1, '2019-05-31 15:49:48', '2019-05-31 15:49:48'),
	('2019-05-31', 114, 'Matteo Vinti', 1, '2019-05-31 15:49:48', '2019-05-31 15:49:48'),
	('2019-05-31', 115, 'Matteo Vinti', 1, '2019-05-31 15:49:48', '2019-05-31 15:49:48'),
	('2019-05-31', 116, 'Matteo Vinti', 1, '2019-05-31 15:49:48', '2019-05-31 15:49:48'),
	('2019-05-31', 117, 'Matteo Vinti', 1, '2019-05-31 15:49:48', '2019-05-31 15:49:48'),
	('2019-05-31', 118, 'Matteo Vinti', 1, '2019-05-31 15:49:48', '2019-05-31 15:49:48'),
	('2019-05-31', 119, 'Matteo Vinti', 1, '2019-05-31 15:49:48', '2019-05-31 15:49:48'),
	('2019-05-31', 120, 'Matteo Vinti', 1, '2019-05-31 15:49:48', '2019-05-31 15:49:48'),
	('2019-05-31', 201, 'Federica Tili', 1, '2019-05-31 15:50:27', '2019-05-31 15:50:27'),
	('2019-05-31', 202, 'Federica Tili', 1, '2019-05-31 15:50:27', '2019-05-31 15:50:27'),
	('2019-05-31', 203, 'Federica Tili', 1, '2019-05-31 15:50:27', '2019-05-31 15:50:27'),
	('2019-05-31', 204, 'Federica Tili', 1, '2019-05-31 15:50:27', '2019-05-31 15:50:27'),
	('2019-05-31', 205, 'Federica Tili', 1, '2019-05-31 15:50:27', '2019-05-31 15:50:27'),
	('2019-05-31', 206, 'Federica Tili', 1, '2019-05-31 15:50:27', '2019-05-31 15:50:27'),
	('2019-05-31', 301, 'Leonardo Cecconi', 1, '2019-05-31 15:51:25', '2019-05-31 15:51:25'),
	('2019-05-31', 302, 'Leonardo Cecconi', 1, '2019-05-31 15:51:25', '2019-05-31 15:51:25'),
	('2019-05-31', 303, 'Leonardo Cecconi', 1, '2019-05-31 15:51:25', '2019-05-31 15:51:25'),
	('2019-05-31', 304, 'Leonardo Cecconi', 1, '2019-05-31 15:51:25', '2019-05-31 15:51:25'),
	('2019-05-31', 305, 'Leonardo Cecconi', 1, '2019-05-31 15:51:25', '2019-05-31 15:51:25'),
	('2019-05-31', 306, 'Leonardo Cecconi', 1, '2019-05-31 15:51:25', '2019-05-31 15:51:25'),
	('2019-05-31', 307, 'Leonardo Cecconi', 1, '2019-05-31 15:51:25', '2019-05-31 15:51:25'),
	('2019-05-31', 308, 'Leonardo Cecconi', 1, '2019-05-31 15:51:25', '2019-05-31 15:51:25'),
	('2019-05-31', 309, 'Leonardo Cecconi', 1, '2019-05-31 15:51:25', '2019-05-31 15:51:25'),
	('2019-05-31', 401, 'Virginia Squadroni', 1, '2019-05-31 16:01:06', '2019-05-31 16:01:06'),
	('2019-05-31', 402, 'Virginia Squadroni', 1, '2019-05-31 16:01:06', '2019-05-31 16:01:06'),
	('2019-05-31', 403, 'Virginia Squadroni', 1, '2019-05-31 16:01:06', '2019-05-31 16:01:06'),
	('2019-05-31', 404, 'Virginia Squadroni', 1, '2019-05-31 16:01:06', '2019-05-31 16:01:06'),
	('2019-05-31', 405, 'Virginia Squadroni', 1, '2019-05-31 16:01:06', '2019-05-31 16:01:06'),
	('2019-05-31', 406, 'Virginia Squadroni', 1, '2019-05-31 16:01:06', '2019-05-31 16:01:06'),
	('2019-05-31', 501, 'Matilde Lorenzini', 1, '2019-05-31 16:01:30', '2019-05-31 16:01:30'),
	('2019-05-31', 502, 'Matilde Lorenzini', 1, '2019-05-31 16:01:30', '2019-05-31 16:01:30'),
	('2019-05-31', 503, 'Matilde Lorenzini', 1, '2019-05-31 16:01:30', '2019-05-31 16:01:30'),
	('2019-05-31', 504, 'Matilde Lorenzini', 1, '2019-05-31 16:01:30', '2019-05-31 16:01:30'),
	('2019-05-31', 505, 'Matilde Lorenzini', 1, '2019-05-31 16:01:30', '2019-05-31 16:01:30'),
	('2019-05-31', 601, 'Matilde Lorenzini', 1, '2019-05-31 16:01:30', '2019-05-31 16:01:30'),
	('2019-05-31', 602, 'Matilde Lorenzini', 1, '2019-05-31 16:01:30', '2019-05-31 16:01:30'),
	('2019-05-31', 603, 'Matilde Lorenzini', 1, '2019-05-31 16:01:30', '2019-05-31 16:01:30'),
	('2019-05-31', 604, 'Matilde Lorenzini', 1, '2019-05-31 16:01:30', '2019-05-31 16:01:30'),
	('2019-05-31', 701, 'Andrea Caldarelli', 1, '2019-05-31 16:02:07', '2019-05-31 16:02:07'),
	('2019-05-31', 702, 'Andrea Caldarelli', 1, '2019-05-31 16:02:07', '2019-05-31 16:02:07'),
	('2019-05-31', 703, 'Andrea Caldarelli', 1, '2019-05-31 16:02:07', '2019-05-31 16:02:07'),
	('2019-05-31', 801, 'Andrea Caldarelli', 1, '2019-05-31 16:02:07', '2019-05-31 16:02:07'),
	('2019-05-31', 802, 'Andrea Caldarelli', 1, '2019-05-31 16:02:07', '2019-05-31 16:02:07'),
	('2019-05-31', 803, 'Andrea Caldarelli', 1, '2019-05-31 16:02:07', '2019-05-31 16:02:07'),
	('2019-05-31', 804, 'Andrea Caldarelli', 1, '2019-05-31 16:02:07', '2019-05-31 16:02:07'),
	('2019-05-31', 805, 'Andrea Caldarelli', 1, '2019-05-31 16:02:07', '2019-05-31 16:02:07'),
	('2019-05-31', 806, 'Andrea Caldarelli', 1, '2019-05-31 16:02:07', '2019-05-31 16:02:07'),
	('2019-05-31', 901, 'Francesca Filippini', 1, '2019-05-31 16:02:32', '2019-05-31 16:02:32'),
	('2019-05-31', 902, 'Francesca Filippini', 1, '2019-05-31 16:02:32', '2019-05-31 16:02:32'),
	('2019-05-31', 903, 'Francesca Filippini', 1, '2019-05-31 16:02:32', '2019-05-31 16:02:32'),
	('2019-05-31', 904, 'Francesca Filippini', 1, '2019-05-31 16:02:32', '2019-05-31 16:02:32'),
	('2019-05-31', 999, 'Francesca Filippini', 1, '2019-05-31 16:02:32', '2019-05-31 16:02:32'),
	('2019-06-01', 101, 'Chiara Laura Bartoli', 1, '2019-06-01 16:06:44', '2019-06-01 16:06:44'),
	('2019-06-01', 102, 'Chiara Laura Bartoli', 1, '2019-06-01 16:06:44', '2019-06-01 16:06:44'),
	('2019-06-01', 103, 'Chiara Laura Bartoli', 1, '2019-06-01 16:06:44', '2019-06-01 16:06:44'),
	('2019-06-01', 104, 'Chiara Laura Bartoli', 1, '2019-06-01 16:06:44', '2019-06-01 16:06:44'),
	('2019-06-01', 105, 'Chiara Laura Bartoli', 1, '2019-06-01 16:06:44', '2019-06-01 16:06:44'),
	('2019-06-01', 106, 'Chiara Laura Bartoli', 1, '2019-06-01 16:06:44', '2019-06-01 16:06:44'),
	('2019-06-01', 107, 'Chiara Laura Bartoli', 1, '2019-06-01 16:06:44', '2019-06-01 16:06:44'),
	('2019-06-01', 108, 'Chiara Laura Bartoli', 1, '2019-06-01 16:06:44', '2019-06-01 16:06:44'),
	('2019-06-01', 109, 'Chiara Laura Bartoli', 1, '2019-06-01 16:06:44', '2019-06-01 16:06:44'),
	('2019-06-01', 110, 'Chiara Laura Bartoli', 1, '2019-06-01 16:06:44', '2019-06-01 16:06:44'),
	('2019-06-01', 111, 'Chiara Laura Bartoli', 1, '2019-06-01 16:06:44', '2019-06-01 16:06:44'),
	('2019-06-01', 112, 'Chiara Laura Bartoli', 1, '2019-06-01 16:06:44', '2019-06-01 16:06:44'),
	('2019-06-01', 113, 'Chiara Laura Bartoli', 1, '2019-06-01 16:06:44', '2019-06-01 16:06:44'),
	('2019-06-01', 114, 'Chiara Laura Bartoli', 1, '2019-06-01 16:06:44', '2019-06-01 16:06:44'),
	('2019-06-01', 115, 'Chiara Laura Bartoli', 1, '2019-06-01 16:06:44', '2019-06-01 16:06:44'),
	('2019-06-01', 116, 'Chiara Laura Bartoli', 1, '2019-06-01 16:06:44', '2019-06-01 16:06:44'),
	('2019-06-01', 117, 'Chiara Laura Bartoli', 1, '2019-06-01 16:06:44', '2019-06-01 16:06:44'),
	('2019-06-01', 118, 'Chiara Laura Bartoli', 1, '2019-06-01 16:06:44', '2019-06-01 16:06:44'),
	('2019-06-01', 119, 'Chiara Laura Bartoli', 1, '2019-06-01 16:06:44', '2019-06-01 16:06:44'),
	('2019-06-01', 120, 'Chiara Laura Bartoli', 1, '2019-06-01 16:06:44', '2019-06-01 16:06:44'),
	('2019-06-01', 201, 'Federica Tili', 1, '2019-06-01 16:06:58', '2019-06-01 16:06:58'),
	('2019-06-01', 202, 'Federica Tili', 1, '2019-06-01 16:06:58', '2019-06-01 16:06:58'),
	('2019-06-01', 203, 'Federica Tili', 1, '2019-06-01 16:06:58', '2019-06-01 16:06:58'),
	('2019-06-01', 204, 'Federica Tili', 1, '2019-06-01 16:06:58', '2019-06-01 16:06:58'),
	('2019-06-01', 205, 'Federica Tili', 1, '2019-06-01 16:06:58', '2019-06-01 16:06:58'),
	('2019-06-01', 206, 'Federica Tili', 1, '2019-06-01 16:06:58', '2019-06-01 16:06:58'),
	('2019-06-01', 301, 'Leonardo Cecconi', 1, '2019-06-01 16:07:17', '2019-06-01 16:07:17'),
	('2019-06-01', 302, 'Leonardo Cecconi', 1, '2019-06-01 16:07:17', '2019-06-01 16:07:17'),
	('2019-06-01', 303, 'Leonardo Cecconi', 1, '2019-06-01 16:07:17', '2019-06-01 16:07:17'),
	('2019-06-01', 304, 'Leonardo Cecconi', 1, '2019-06-01 16:07:17', '2019-06-01 16:07:17'),
	('2019-06-01', 305, 'Leonardo Cecconi', 1, '2019-06-01 16:07:17', '2019-06-01 16:07:17'),
	('2019-06-01', 306, 'Leonardo Cecconi', 1, '2019-06-01 16:07:17', '2019-06-01 16:07:17'),
	('2019-06-01', 307, 'Leonardo Cecconi', 1, '2019-06-01 16:07:17', '2019-06-01 16:07:17'),
	('2019-06-01', 308, 'Leonardo Cecconi', 1, '2019-06-01 16:07:17', '2019-06-01 16:07:17'),
	('2019-06-01', 309, 'Leonardo Cecconi', 1, '2019-06-01 16:07:17', '2019-06-01 16:07:17'),
	('2019-06-01', 401, 'Virginia Squadroni', 1, '2019-06-01 16:07:28', '2019-06-01 16:07:28'),
	('2019-06-01', 402, 'Virginia Squadroni', 1, '2019-06-01 16:07:28', '2019-06-01 16:07:28'),
	('2019-06-01', 403, 'Virginia Squadroni', 1, '2019-06-01 16:07:28', '2019-06-01 16:07:28'),
	('2019-06-01', 404, 'Virginia Squadroni', 1, '2019-06-01 16:07:28', '2019-06-01 16:07:28'),
	('2019-06-01', 405, 'Virginia Squadroni', 1, '2019-06-01 16:07:28', '2019-06-01 16:07:28'),
	('2019-06-01', 406, 'Virginia Squadroni', 1, '2019-06-01 16:07:28', '2019-06-01 16:07:28'),
	('2019-06-01', 501, 'Matilde Lorenzini', 1, '2019-06-01 16:07:55', '2019-06-01 16:07:55'),
	('2019-06-01', 502, 'Matilde Lorenzini', 1, '2019-06-01 16:07:55', '2019-06-01 16:07:55'),
	('2019-06-01', 503, 'Matilde Lorenzini', 1, '2019-06-01 16:07:55', '2019-06-01 16:07:55'),
	('2019-06-01', 504, 'Matilde Lorenzini', 1, '2019-06-01 16:07:55', '2019-06-01 16:07:55'),
	('2019-06-01', 505, 'Matilde Lorenzini', 1, '2019-06-01 16:07:55', '2019-06-01 16:07:55'),
	('2019-06-01', 601, 'Matilde Lorenzini', 1, '2019-06-01 16:07:55', '2019-06-01 16:07:55'),
	('2019-06-01', 602, 'Matilde Lorenzini', 1, '2019-06-01 16:07:55', '2019-06-01 16:07:55'),
	('2019-06-01', 603, 'Matilde Lorenzini', 1, '2019-06-01 16:07:55', '2019-06-01 16:07:55'),
	('2019-06-01', 604, 'Matilde Lorenzini', 1, '2019-06-01 16:07:55', '2019-06-01 16:07:55'),
	('2019-06-01', 701, 'Andrea Caldarelli', 1, '2019-06-01 16:08:11', '2019-06-01 16:08:11'),
	('2019-06-01', 702, 'Andrea Caldarelli', 1, '2019-06-01 16:08:11', '2019-06-01 16:08:11'),
	('2019-06-01', 703, 'Andrea Caldarelli', 1, '2019-06-01 16:08:11', '2019-06-01 16:08:11'),
	('2019-06-01', 801, 'Andrea Caldarelli', 1, '2019-06-01 16:08:11', '2019-06-01 16:08:11'),
	('2019-06-01', 802, 'Andrea Caldarelli', 1, '2019-06-01 16:08:11', '2019-06-01 16:08:11'),
	('2019-06-01', 803, 'Andrea Caldarelli', 1, '2019-06-01 16:08:11', '2019-06-01 16:08:11'),
	('2019-06-01', 804, 'Andrea Caldarelli', 1, '2019-06-01 16:08:11', '2019-06-01 16:08:11'),
	('2019-06-01', 805, 'Andrea Caldarelli', 1, '2019-06-01 16:08:11', '2019-06-01 16:08:11'),
	('2019-06-01', 806, 'Andrea Caldarelli', 1, '2019-06-01 16:08:11', '2019-06-01 16:08:11'),
	('2019-06-01', 901, 'Francesca Filippini', 1, '2019-06-01 16:08:24', '2019-06-01 16:08:24'),
	('2019-06-01', 902, 'Francesca Filippini', 1, '2019-06-01 16:08:24', '2019-06-01 16:08:24'),
	('2019-06-01', 903, 'Francesca Filippini', 1, '2019-06-01 16:08:24', '2019-06-01 16:08:24'),
	('2019-06-01', 904, 'Francesca Filippini', 1, '2019-06-01 16:08:24', '2019-06-01 16:08:24'),
	('2019-06-01', 999, 'Francesca Filippini', 1, '2019-06-01 16:08:24', '2019-06-01 16:08:24'),
	('2019-06-13', 1, 'Alessandro Del Gatto', 1, '2019-06-13 20:35:45', '2019-06-13 20:35:45'),
	('2019-06-13', 2, 'Alessandro Del Gatto', 1, '2019-06-13 20:35:45', '2019-06-13 20:35:45'),
	('2019-06-13', 3, 'Alessandro Del Gatto', 1, '2019-06-13 20:35:45', '2019-06-13 20:35:45'),
	('2019-06-13', 4, 'Alessandro Del Gatto', 1, '2019-06-13 20:35:45', '2019-06-13 20:35:45'),
	('2019-06-13', 5, 'Alessandro Del Gatto', 1, '2019-06-13 20:35:45', '2019-06-13 20:35:45'),
	('2019-06-13', 6, 'Alessandro Del Gatto', 1, '2019-06-13 20:35:45', '2019-06-13 20:35:45'),
	('2019-06-13', 7, 'Alessandro Del Gatto', 1, '2019-06-13 20:35:45', '2019-06-13 20:35:45'),
	('2019-06-13', 8, 'Alessandro Del Gatto', 1, '2019-06-13 20:35:45', '2019-06-13 20:35:45'),
	('2019-06-13', 9, 'Alessandro Del Gatto', 1, '2019-06-13 20:35:45', '2019-06-13 20:35:45'),
	('2019-06-13', 10, 'Alessandro Del Gatto', 1, '2019-06-13 20:35:45', '2019-06-13 20:35:45'),
	('2019-06-13', 11, 'Alessandro Del Gatto', 1, '2019-06-13 20:35:45', '2019-06-13 20:35:45'),
	('2019-06-13', 12, 'Alessandro Del Gatto', 1, '2019-06-13 20:35:45', '2019-06-13 20:35:45'),
	('2019-06-13', 13, 'Alessandro Del Gatto', 1, '2019-06-13 20:35:45', '2019-06-13 20:35:45'),
	('2019-06-13', 14, 'Alessandro Del Gatto', 1, '2019-06-13 20:35:45', '2019-06-13 20:35:45'),
	('2019-06-13', 15, 'Alessandro Del Gatto', 1, '2019-06-13 20:35:45', '2019-06-13 20:35:45'),
	('2019-06-13', 16, 'Alessandro Del Gatto', 1, '2019-06-13 20:35:45', '2019-06-13 20:35:45'),
	('2019-06-13', 17, 'Alessandro Del Gatto', 1, '2019-06-13 20:35:45', '2019-06-13 20:35:45'),
	('2019-06-13', 18, 'Alessandro Del Gatto', 1, '2019-06-13 20:35:45', '2019-06-13 20:35:45'),
	('2019-06-13', 101, 'Alessandro Del Gatto', 1, '2019-06-13 20:35:45', '2019-06-13 20:35:45'),
	('2019-06-13', 102, 'Alessandro Del Gatto', 1, '2019-06-13 20:35:45', '2019-06-13 20:35:45'),
	('2019-06-13', 103, 'Alessandro Del Gatto', 1, '2019-06-13 20:35:45', '2019-06-13 20:35:45'),
	('2019-06-13', 104, 'Alessandro Del Gatto', 1, '2019-06-13 20:35:45', '2019-06-13 20:35:45'),
	('2019-06-13', 105, 'Alessandro Del Gatto', 1, '2019-06-13 20:35:45', '2019-06-13 20:35:45'),
	('2019-06-13', 106, 'Alessandro Del Gatto', 1, '2019-06-13 20:35:45', '2019-06-13 20:35:45'),
	('2019-06-13', 107, 'Alessandro Del Gatto', 1, '2019-06-13 20:35:45', '2019-06-13 20:35:45'),
	('2019-06-13', 108, 'Alessandro Del Gatto', 1, '2019-06-13 20:35:45', '2019-06-13 20:35:45'),
	('2019-06-13', 109, 'Alessandro Del Gatto', 1, '2019-06-13 20:35:45', '2019-06-13 20:35:45'),
	('2019-06-13', 110, 'Alessandro Del Gatto', 1, '2019-06-13 20:35:45', '2019-06-13 20:35:45'),
	('2019-06-13', 111, 'Alessandro Del Gatto', 1, '2019-06-13 20:35:45', '2019-06-13 20:35:45'),
	('2019-06-13', 112, 'Alessandro Del Gatto', 1, '2019-06-13 20:35:45', '2019-06-13 20:35:45'),
	('2019-06-13', 113, 'Alessandro Del Gatto', 1, '2019-06-13 20:35:45', '2019-06-13 20:35:45'),
	('2019-06-13', 114, 'Alessandro Del Gatto', 1, '2019-06-13 20:35:45', '2019-06-13 20:35:45'),
	('2019-06-13', 115, 'Alessandro Del Gatto', 1, '2019-06-13 20:35:45', '2019-06-13 20:35:45'),
	('2019-06-13', 116, 'Alessandro Del Gatto', 1, '2019-06-13 20:35:45', '2019-06-13 20:35:45'),
	('2019-06-13', 117, 'Alessandro Del Gatto', 1, '2019-06-13 20:35:45', '2019-06-13 20:35:45'),
	('2019-06-13', 118, 'Alessandro Del Gatto', 1, '2019-06-13 20:35:45', '2019-06-13 20:35:45'),
	('2019-06-13', 119, 'Alessandro Del Gatto', 1, '2019-06-13 20:35:45', '2019-06-13 20:35:45'),
	('2019-06-13', 120, 'Alessandro Del Gatto', 1, '2019-06-13 20:35:45', '2019-06-13 20:35:45'),
	('2019-06-13', 201, 'Alessandro Del Gatto', 1, '2019-06-13 20:35:45', '2019-06-13 20:35:45'),
	('2019-06-13', 202, 'Alessandro Del Gatto', 1, '2019-06-13 20:35:45', '2019-06-13 20:35:45'),
	('2019-06-13', 203, 'Alessandro Del Gatto', 1, '2019-06-13 20:35:45', '2019-06-13 20:35:45'),
	('2019-06-13', 204, 'Alessandro Del Gatto', 1, '2019-06-13 20:35:45', '2019-06-13 20:35:45'),
	('2019-06-13', 205, 'Alessandro Del Gatto', 1, '2019-06-13 20:35:45', '2019-06-13 20:35:45'),
	('2019-06-13', 206, 'Alessandro Del Gatto', 1, '2019-06-13 20:35:45', '2019-06-13 20:35:45'),
	('2019-06-13', 301, 'Alessandro Del Gatto', 1, '2019-06-13 20:35:45', '2019-06-13 20:35:45'),
	('2019-06-13', 302, 'Alessandro Del Gatto', 1, '2019-06-13 20:35:45', '2019-06-13 20:35:45'),
	('2019-06-13', 303, 'Alessandro Del Gatto', 1, '2019-06-13 20:35:45', '2019-06-13 20:35:45'),
	('2019-06-13', 304, 'Alessandro Del Gatto', 1, '2019-06-13 20:35:45', '2019-06-13 20:35:45'),
	('2019-06-13', 305, 'Alessandro Del Gatto', 1, '2019-06-13 20:35:45', '2019-06-13 20:35:45'),
	('2019-06-13', 306, 'Alessandro Del Gatto', 1, '2019-06-13 20:35:45', '2019-06-13 20:35:45'),
	('2019-06-13', 307, 'Alessandro Del Gatto', 1, '2019-06-13 20:35:45', '2019-06-13 20:35:45'),
	('2019-06-13', 308, 'Alessandro Del Gatto', 1, '2019-06-13 20:35:45', '2019-06-13 20:35:45'),
	('2019-06-13', 309, 'Alessandro Del Gatto', 1, '2019-06-13 20:35:45', '2019-06-13 20:35:45'),
	('2019-06-13', 401, 'Alessandro Del Gatto', 1, '2019-06-13 20:35:45', '2019-06-13 20:35:45'),
	('2019-06-13', 402, 'Alessandro Del Gatto', 1, '2019-06-13 20:35:45', '2019-06-13 20:35:45'),
	('2019-06-13', 403, 'Alessandro Del Gatto', 1, '2019-06-13 20:35:45', '2019-06-13 20:35:45'),
	('2019-06-13', 404, 'Alessandro Del Gatto', 1, '2019-06-13 20:35:45', '2019-06-13 20:35:45'),
	('2019-06-13', 405, 'Alessandro Del Gatto', 1, '2019-06-13 20:35:45', '2019-06-13 20:35:45'),
	('2019-06-13', 406, 'Alessandro Del Gatto', 1, '2019-06-13 20:35:45', '2019-06-13 20:35:45'),
	('2019-06-13', 501, 'Alessandro Del Gatto', 1, '2019-06-13 20:35:45', '2019-06-13 20:35:45'),
	('2019-06-13', 502, 'Alessandro Del Gatto', 1, '2019-06-13 20:35:45', '2019-06-13 20:35:45'),
	('2019-06-13', 503, 'Alessandro Del Gatto', 1, '2019-06-13 20:35:45', '2019-06-13 20:35:45'),
	('2019-06-13', 504, 'Alessandro Del Gatto', 1, '2019-06-13 20:35:45', '2019-06-13 20:35:45'),
	('2019-06-13', 505, 'Alessandro Del Gatto', 1, '2019-06-13 20:35:45', '2019-06-13 20:35:45'),
	('2019-06-13', 601, 'Alessandro Del Gatto', 1, '2019-06-13 20:35:45', '2019-06-13 20:35:45'),
	('2019-06-13', 602, 'Alessandro Del Gatto', 1, '2019-06-13 20:35:45', '2019-06-13 20:35:45'),
	('2019-06-13', 603, 'Alessandro Del Gatto', 1, '2019-06-13 20:35:45', '2019-06-13 20:35:45'),
	('2019-06-13', 604, 'Alessandro Del Gatto', 1, '2019-06-13 20:35:45', '2019-06-13 20:35:45'),
	('2019-06-13', 701, 'Alessandro Del Gatto', 1, '2019-06-13 20:35:45', '2019-06-13 20:35:45'),
	('2019-06-13', 702, 'Alessandro Del Gatto', 1, '2019-06-13 20:35:45', '2019-06-13 20:35:45'),
	('2019-06-13', 703, 'Alessandro Del Gatto', 1, '2019-06-13 20:35:45', '2019-06-13 20:35:45'),
	('2019-06-13', 801, 'Alessandro Del Gatto', 1, '2019-06-13 20:35:45', '2019-06-13 20:35:45'),
	('2019-06-13', 802, 'Alessandro Del Gatto', 1, '2019-06-13 20:35:45', '2019-06-13 20:35:45'),
	('2019-06-13', 803, 'Alessandro Del Gatto', 1, '2019-06-13 20:35:45', '2019-06-13 20:35:45'),
	('2019-06-13', 804, 'Alessandro Del Gatto', 1, '2019-06-13 20:35:45', '2019-06-13 20:35:45'),
	('2019-06-13', 805, 'Alessandro Del Gatto', 1, '2019-06-13 20:35:45', '2019-06-13 20:35:45'),
	('2019-06-13', 806, 'Alessandro Del Gatto', 1, '2019-06-13 20:35:45', '2019-06-13 20:35:45'),
	('2019-06-13', 901, 'Alessandro Del Gatto', 1, '2019-06-13 20:35:45', '2019-06-13 20:35:45'),
	('2019-06-13', 902, 'Alessandro Del Gatto', 1, '2019-06-13 20:35:45', '2019-06-13 20:35:45'),
	('2019-06-13', 903, 'Alessandro Del Gatto', 1, '2019-06-13 20:35:45', '2019-06-13 20:35:45'),
	('2019-06-13', 904, 'Alessandro Del Gatto', 1, '2019-06-13 20:35:45', '2019-06-13 20:35:45'),
	('2019-06-13', 999, 'Alessandro Del Gatto', 1, '2019-06-13 20:35:45', '2019-06-13 20:35:45');
/*!40000 ALTER TABLE `responsabiliserata` ENABLE KEYS */;

-- Dump della struttura di tabella gestionale_giu2019.ricevutefiscali
CREATE TABLE IF NOT EXISTS `ricevutefiscali` (
  `n_ric` int(11) NOT NULL AUTO_INCREMENT,
  `serata` date NOT NULL,
  `tavolo` int(11) NOT NULL,
  `indice` int(11) NOT NULL,
  `totale` double DEFAULT NULL,
  KEY `n_ric` (`n_ric`)
) ENGINE=InnoDB AUTO_INCREMENT=25616 DEFAULT CHARSET=utf8;

-- Dump dei dati della tabella gestionale_giu2019.ricevutefiscali: ~195 rows (circa)
/*!40000 ALTER TABLE `ricevutefiscali` DISABLE KEYS */;
INSERT INTO `ricevutefiscali` (`n_ric`, `serata`, `tavolo`, `indice`, `totale`) VALUES
	(25551, '2019-05-30', 106, 1, NULL),
	(25552, '2019-05-30', 107, 1, NULL),
	(25553, '2019-05-30', 110, 1, NULL),
	(25554, '2019-05-30', 113, 1, NULL),
	(25555, '2019-05-30', 202, 1, NULL),
	(25556, '2019-05-30', 203, 1, NULL),
	(25557, '2019-05-30', 401, 1, NULL),
	(25558, '2019-05-30', 402, 1, NULL),
	(25559, '2019-05-30', 403, 1, NULL),
	(25560, '2019-05-30', 404, 1, NULL),
	(25561, '2019-05-30', 999, 1, NULL),
	(25562, '2019-05-31', 102, 1, NULL),
	(25563, '2019-05-31', 103, 1, NULL),
	(25564, '2019-05-31', 103, 2, NULL),
	(25565, '2019-05-31', 104, 1, NULL),
	(25566, '2019-05-31', 106, 1, NULL),
	(25567, '2019-05-31', 105, 1, NULL),
	(25568, '2019-05-31', 108, 1, NULL),
	(25569, '2019-05-31', 109, 1, NULL),
	(25570, '2019-05-31', 110, 1, NULL),
	(25571, '2019-05-31', 111, 1, NULL),
	(25572, '2019-05-31', 112, 1, NULL),
	(25573, '2019-05-31', 113, 1, NULL),
	(25574, '2019-05-31', 114, 1, NULL),
	(25575, '2019-05-31', 115, 1, NULL),
	(25576, '2019-05-31', 113, 2, NULL),
	(25577, '2019-05-31', 118, 1, NULL),
	(25578, '2019-06-01', 101, 1, NULL),
	(25579, '2019-06-01', 206, 1, NULL),
	(25581, '2019-06-01', 402, 1, NULL),
	(25582, '2019-06-01', 102, 1, NULL),
	(25583, '2019-06-01', 901, 1, NULL),
	(25584, '2019-06-01', 117, 2, NULL),
	(25585, '2019-06-01', 309, 1, NULL),
	(25586, '2019-06-01', 105, 1, NULL),
	(25587, '2019-06-01', 110, 1, NULL),
	(25588, '2019-06-01', 109, 1, NULL),
	(25589, '2019-06-01', 303, 1, NULL),
	(25590, '2019-06-01', 903, 1, NULL),
	(25591, '2019-06-01', 401, 1, NULL),
	(25592, '2019-06-01', 204, 1, NULL),
	(25594, '2019-06-01', 113, 1, NULL),
	(25595, '2019-06-01', 109, 2, NULL),
	(25596, '2019-06-01', 103, 1, NULL),
	(25598, '2019-06-01', 304, 1, NULL),
	(25599, '2019-06-01', 405, 1, NULL),
	(25600, '2019-06-01', 305, 1, NULL),
	(25601, '2019-06-01', 205, 1, NULL),
	(25602, '2019-06-01', 301, 1, NULL),
	(25603, '2019-06-01', 202, 1, NULL),
	(25604, '2019-06-01', 203, 1, NULL),
	(25605, '2019-06-01', 203, 2, NULL),
	(25606, '2019-06-01', 106, 1, NULL),
	(25607, '2019-06-01', 403, 1, NULL),
	(25608, '2019-06-01', 104, 1, NULL),
	(25609, '2019-06-01', 404, 2, NULL),
	(25610, '2019-06-01', 115, 2, NULL),
	(25611, '2019-06-01', 116, 1, NULL),
	(25612, '2019-06-01', 105, 3, NULL),
	(25613, '2019-06-01', 117, 1, NULL),
	(25614, '2019-06-01', 308, 1, NULL),
	(25615, '2019-06-01', 112, 2, NULL),
	(25593, '2019-06-01', 107, 1, NULL),
	(25597, '2019-06-01', 115, 1, NULL),
	(25580, '2019-06-01', 204, 2, NULL),
	(25551, '2019-05-30', 106, 1, 0),
	(25552, '2019-05-30', 107, 1, 0),
	(25553, '2019-05-30', 110, 1, 0),
	(25554, '2019-05-30', 113, 1, 0),
	(25555, '2019-05-30', 202, 1, 0),
	(25556, '2019-05-30', 203, 1, 0),
	(25557, '2019-05-30', 401, 1, 0),
	(25558, '2019-05-30', 402, 1, 0),
	(25559, '2019-05-30', 403, 1, 0),
	(25560, '2019-05-30', 404, 1, 0),
	(25561, '2019-05-30', 999, 1, 0),
	(25562, '2019-05-31', 102, 1, 0),
	(25563, '2019-05-31', 103, 1, 0),
	(25564, '2019-05-31', 103, 2, 0),
	(25565, '2019-05-31', 104, 1, 0),
	(25566, '2019-05-31', 106, 1, 0),
	(25567, '2019-05-31', 105, 1, 0),
	(25568, '2019-05-31', 108, 1, 0),
	(25569, '2019-05-31', 109, 1, 0),
	(25570, '2019-05-31', 110, 1, 0),
	(25571, '2019-05-31', 111, 1, 0),
	(25572, '2019-05-31', 112, 1, 0),
	(25573, '2019-05-31', 113, 1, 0),
	(25574, '2019-05-31', 114, 1, 0),
	(25575, '2019-05-31', 115, 1, 0),
	(25576, '2019-05-31', 113, 2, 0),
	(25577, '2019-05-31', 118, 1, 0),
	(25578, '2019-06-01', 101, 1, 0),
	(25579, '2019-06-01', 206, 1, 0),
	(25581, '2019-06-01', 402, 1, 0),
	(25582, '2019-06-01', 102, 1, 0),
	(25583, '2019-06-01', 901, 1, 0),
	(25584, '2019-06-01', 117, 2, 0),
	(25585, '2019-06-01', 309, 1, 0),
	(25586, '2019-06-01', 105, 1, 0),
	(25587, '2019-06-01', 110, 1, 0),
	(25588, '2019-06-01', 109, 1, 0),
	(25589, '2019-06-01', 303, 1, 0),
	(25590, '2019-06-01', 903, 1, 0),
	(25591, '2019-06-01', 401, 1, 0),
	(25592, '2019-06-01', 204, 1, 0),
	(25594, '2019-06-01', 113, 1, 0),
	(25595, '2019-06-01', 109, 2, 0),
	(25596, '2019-06-01', 103, 1, 0),
	(25598, '2019-06-01', 304, 1, 0),
	(25599, '2019-06-01', 405, 1, 0),
	(25600, '2019-06-01', 305, 1, 0),
	(25601, '2019-06-01', 205, 1, 0),
	(25602, '2019-06-01', 301, 1, 0),
	(25603, '2019-06-01', 202, 1, 0),
	(25604, '2019-06-01', 203, 1, 0),
	(25605, '2019-06-01', 203, 2, 0),
	(25606, '2019-06-01', 106, 1, 0),
	(25607, '2019-06-01', 403, 1, 0),
	(25608, '2019-06-01', 104, 1, 0),
	(25609, '2019-06-01', 404, 2, 0),
	(25610, '2019-06-01', 115, 2, 0),
	(25611, '2019-06-01', 116, 1, 0),
	(25612, '2019-06-01', 105, 3, 0),
	(25613, '2019-06-01', 117, 1, 0),
	(25614, '2019-06-01', 308, 1, 0),
	(25615, '2019-06-01', 112, 2, 0),
	(25593, '2019-06-01', 107, 1, 0),
	(25597, '2019-06-01', 115, 1, 0),
	(25580, '2019-06-01', 204, 2, 0),
	(25551, '2019-05-30', 106, 1, 0),
	(25552, '2019-05-30', 107, 1, 0),
	(25553, '2019-05-30', 110, 1, 0),
	(25554, '2019-05-30', 113, 1, 0),
	(25555, '2019-05-30', 202, 1, 0),
	(25556, '2019-05-30', 203, 1, 0),
	(25557, '2019-05-30', 401, 1, 0),
	(25558, '2019-05-30', 402, 1, 0),
	(25559, '2019-05-30', 403, 1, 0),
	(25560, '2019-05-30', 404, 1, 0),
	(25561, '2019-05-30', 999, 1, 0),
	(25562, '2019-05-31', 102, 1, 0),
	(25563, '2019-05-31', 103, 1, 0),
	(25564, '2019-05-31', 103, 2, 0),
	(25565, '2019-05-31', 104, 1, 0),
	(25566, '2019-05-31', 106, 1, 0),
	(25567, '2019-05-31', 105, 1, 0),
	(25568, '2019-05-31', 108, 1, 0),
	(25569, '2019-05-31', 109, 1, 0),
	(25570, '2019-05-31', 110, 1, 0),
	(25571, '2019-05-31', 111, 1, 0),
	(25572, '2019-05-31', 112, 1, 0),
	(25573, '2019-05-31', 113, 1, 0),
	(25574, '2019-05-31', 114, 1, 0),
	(25575, '2019-05-31', 115, 1, 0),
	(25576, '2019-05-31', 113, 2, 0),
	(25577, '2019-05-31', 118, 1, 0),
	(25578, '2019-06-01', 101, 1, 0),
	(25579, '2019-06-01', 206, 1, 0),
	(25581, '2019-06-01', 402, 1, 0),
	(25582, '2019-06-01', 102, 1, 0),
	(25583, '2019-06-01', 901, 1, 0),
	(25584, '2019-06-01', 117, 2, 0),
	(25585, '2019-06-01', 309, 1, 0),
	(25586, '2019-06-01', 105, 1, 0),
	(25587, '2019-06-01', 110, 1, 0),
	(25588, '2019-06-01', 109, 1, 0),
	(25589, '2019-06-01', 303, 1, 0),
	(25590, '2019-06-01', 903, 1, 0),
	(25591, '2019-06-01', 401, 1, 0),
	(25592, '2019-06-01', 204, 1, 0),
	(25594, '2019-06-01', 113, 1, 0),
	(25595, '2019-06-01', 109, 2, 0),
	(25596, '2019-06-01', 103, 1, 0),
	(25598, '2019-06-01', 304, 1, 0),
	(25599, '2019-06-01', 405, 1, 0),
	(25600, '2019-06-01', 305, 1, 0),
	(25601, '2019-06-01', 205, 1, 0),
	(25602, '2019-06-01', 301, 1, 0),
	(25603, '2019-06-01', 202, 1, 0),
	(25604, '2019-06-01', 203, 1, 0),
	(25605, '2019-06-01', 203, 2, 0),
	(25606, '2019-06-01', 106, 1, 0),
	(25607, '2019-06-01', 403, 1, 0),
	(25608, '2019-06-01', 104, 1, 0),
	(25609, '2019-06-01', 404, 2, 0),
	(25610, '2019-06-01', 115, 2, 0),
	(25611, '2019-06-01', 116, 1, 0),
	(25612, '2019-06-01', 105, 3, 0),
	(25613, '2019-06-01', 117, 1, 0),
	(25614, '2019-06-01', 308, 1, 0),
	(25615, '2019-06-01', 112, 2, 0),
	(25593, '2019-06-01', 107, 1, 0),
	(25597, '2019-06-01', 115, 1, 0),
	(25580, '2019-06-01', 204, 2, 0);
/*!40000 ALTER TABLE `ricevutefiscali` ENABLE KEYS */;

-- Dump della struttura di tabella gestionale_giu2019.serata
CREATE TABLE IF NOT EXISTS `serata` (
  `data` date NOT NULL,
  `descrizione` varchar(100) DEFAULT NULL,
  `data_creazione` timestamp NOT NULL DEFAULT CURRENT_TIMESTAMP,
  `data_aggiornamento` timestamp NOT NULL DEFAULT CURRENT_TIMESTAMP ON UPDATE CURRENT_TIMESTAMP,
  `inizializzata` tinyint(1) NOT NULL DEFAULT '0',
  PRIMARY KEY (`data`)
) ENGINE=InnoDB DEFAULT CHARSET=utf8;

-- Dump dei dati della tabella gestionale_giu2019.serata: ~4 rows (circa)
/*!40000 ALTER TABLE `serata` DISABLE KEYS */;
INSERT INTO `serata` (`data`, `descrizione`, `data_creazione`, `data_aggiornamento`, `inizializzata`) VALUES
	('2019-05-27', 'Lunedì', '2019-05-27 14:42:05', '2019-06-01 15:50:21', 2),
	('2019-05-30', 'Giovedì', '2019-05-30 13:53:03', '2019-06-01 19:00:27', 2),
	('2019-05-31', 'Venerdì', '2019-05-31 15:43:02', '2019-06-02 21:33:35', 2),
	('2019-06-01', 'Sabato', '2019-06-01 16:05:05', '2019-06-13 20:34:45', 2),
	('2019-06-13', 'giovedi', '2019-06-13 20:34:57', '2019-06-13 20:41:23', 1);
/*!40000 ALTER TABLE `serata` ENABLE KEYS */;

-- Dump della struttura di tabella gestionale_giu2019.statoordine
CREATE TABLE IF NOT EXISTS `statoordine` (
  `id` tinyint(4) NOT NULL,
  `stato` varchar(255) CHARACTER SET latin1 NOT NULL,
  PRIMARY KEY (`id`)
) ENGINE=InnoDB DEFAULT CHARSET=utf8;

-- Dump dei dati della tabella gestionale_giu2019.statoordine: ~3 rows (circa)
/*!40000 ALTER TABLE `statoordine` DISABLE KEYS */;
INSERT INTO `statoordine` (`id`, `stato`) VALUES
	(1, 'ordinato'),
	(2, 'in produzione'),
	(3, 'evaso');
/*!40000 ALTER TABLE `statoordine` ENABLE KEYS */;

-- Dump della struttura di tabella gestionale_giu2019.tavoli
CREATE TABLE IF NOT EXISTS `tavoli` (
  `numero_tavolo` int(10) unsigned NOT NULL,
  `zona` varchar(50) NOT NULL,
  `posti` int(10) unsigned NOT NULL,
  `data_creazione` timestamp NOT NULL DEFAULT CURRENT_TIMESTAMP,
  `data_aggiornamento` timestamp NOT NULL DEFAULT CURRENT_TIMESTAMP ON UPDATE CURRENT_TIMESTAMP,
  PRIMARY KEY (`numero_tavolo`),
  KEY `zonatavolo_idx` (`zona`),
  CONSTRAINT `zonatavolo` FOREIGN KEY (`zona`) REFERENCES `zone` (`zona`) ON DELETE NO ACTION ON UPDATE CASCADE
) ENGINE=InnoDB DEFAULT CHARSET=utf8;

-- Dump dei dati della tabella gestionale_giu2019.tavoli: ~82 rows (circa)
/*!40000 ALTER TABLE `tavoli` DISABLE KEYS */;
INSERT INTO `tavoli` (`numero_tavolo`, `zona`, `posti`, `data_creazione`, `data_aggiornamento`) VALUES
	(1, 'Via Umberto I°', 9, '2018-09-15 15:17:47', '2018-09-15 15:17:47'),
	(2, 'Via Umberto I°', 9, '2018-09-15 15:18:12', '2018-09-15 15:18:12'),
	(3, 'Via Umberto I°', 9, '2018-09-15 15:19:33', '2018-09-15 15:19:33'),
	(4, 'Via Umberto I°', 9, '2018-09-15 15:20:19', '2018-09-15 15:20:19'),
	(5, 'Via Umberto I°', 9, '2018-09-15 15:20:49', '2018-09-15 15:20:49'),
	(6, 'Via Umberto I°', 9, '2018-09-15 15:21:21', '2018-09-15 15:21:21'),
	(7, 'Via Umberto I°', 9, '2018-09-15 15:21:44', '2018-09-15 15:21:44'),
	(8, 'Via Umberto I°', 9, '2018-09-15 15:22:20', '2018-09-15 15:22:20'),
	(9, 'Via Umberto I°', 9, '2018-09-15 15:22:45', '2018-09-15 15:22:45'),
	(10, 'Via Umberto I°', 9, '2018-09-15 15:23:38', '2018-09-15 15:23:38'),
	(11, 'Via Umberto I°', 9, '2018-09-15 15:24:01', '2018-09-15 15:24:01'),
	(12, 'Via Umberto I°', 9, '2018-09-15 15:24:29', '2018-09-15 15:24:29'),
	(13, 'Via Umberto I°', 9, '2018-09-15 15:25:07', '2018-09-15 15:25:07'),
	(14, 'Via Umberto I°', 9, '2018-09-15 15:25:33', '2018-09-15 15:25:33'),
	(15, 'Via Umberto I°', 9, '2018-09-15 15:26:07', '2018-09-15 15:26:07'),
	(16, 'Via Umberto I°', 9, '2018-09-15 15:26:34', '2018-09-15 15:26:34'),
	(17, 'Via Umberto I°', 9, '2018-09-15 15:27:02', '2018-09-15 15:27:02'),
	(18, 'Via Umberto I°', 9, '2018-09-15 15:27:36', '2018-09-15 15:27:36'),
	(101, 'Giardino grande', 10, '2018-08-20 20:03:37', '2018-08-20 20:03:37'),
	(102, 'Giardino grande', 10, '2018-08-20 20:03:37', '2018-08-20 20:03:37'),
	(103, 'Giardino grande', 10, '2018-08-20 20:03:37', '2018-08-20 20:03:37'),
	(104, 'Giardino grande', 10, '2018-08-20 20:03:37', '2018-08-20 20:03:37'),
	(105, 'Giardino grande', 10, '2018-08-20 20:03:37', '2018-08-20 20:03:37'),
	(106, 'Giardino grande', 10, '2018-08-20 20:03:37', '2018-08-20 20:03:37'),
	(107, 'Giardino grande', 10, '2018-08-20 20:03:37', '2018-08-20 20:03:37'),
	(108, 'Giardino grande', 10, '2018-08-20 20:03:37', '2018-08-20 20:03:37'),
	(109, 'Giardino grande', 10, '2018-08-20 20:03:37', '2018-08-20 20:03:37'),
	(110, 'Giardino grande', 10, '2018-08-20 20:03:37', '2018-08-20 20:03:37'),
	(111, 'Giardino grande', 10, '2018-08-20 20:03:37', '2018-08-20 20:03:37'),
	(112, 'Giardino grande', 10, '2018-08-20 20:03:37', '2018-08-20 20:03:37'),
	(113, 'Giardino grande', 10, '2018-08-20 20:03:37', '2018-08-20 20:03:37'),
	(114, 'Giardino grande', 10, '2018-08-20 20:03:37', '2018-08-20 20:03:37'),
	(115, 'Giardino grande', 10, '2018-08-20 20:03:37', '2018-08-20 20:03:37'),
	(116, 'Giardino grande', 10, '2018-08-20 20:03:37', '2018-08-20 20:03:37'),
	(117, 'Giardino grande', 10, '2018-08-20 20:03:37', '2018-08-20 20:03:37'),
	(118, 'Giardino grande', 10, '2018-08-20 20:03:37', '2018-08-20 20:03:37'),
	(119, 'Giardino grande', 10, '2018-08-20 20:03:37', '2018-08-20 20:03:37'),
	(120, 'Giardino grande', 10, '2018-08-20 20:03:37', '2018-08-20 20:03:37'),
	(201, 'Giardino piccolo', 10, '2018-08-20 20:03:37', '2018-08-20 20:03:37'),
	(202, 'Giardino piccolo', 10, '2018-08-20 20:03:37', '2018-08-20 20:03:37'),
	(203, 'Giardino piccolo', 10, '2018-08-20 20:03:37', '2018-08-20 20:03:37'),
	(204, 'Giardino piccolo', 10, '2018-08-20 20:03:37', '2018-08-20 20:03:37'),
	(205, 'Giardino piccolo', 10, '2018-08-20 20:03:37', '2018-08-20 20:03:37'),
	(206, 'Giardino piccolo', 10, '2018-09-01 18:54:13', '2018-09-01 18:54:13'),
	(301, 'Piazzetta', 10, '2018-08-20 20:03:37', '2018-08-20 20:03:37'),
	(302, 'Piazzetta', 10, '2018-08-20 20:03:37', '2018-08-20 20:03:37'),
	(303, 'Piazzetta', 10, '2018-08-20 20:03:37', '2018-08-20 20:03:37'),
	(304, 'Piazzetta', 10, '2018-08-20 20:03:37', '2018-08-20 20:03:37'),
	(305, 'Piazzetta', 10, '2018-08-20 20:03:37', '2018-08-20 20:03:37'),
	(306, 'Piazzetta', 10, '2018-08-20 20:03:37', '2018-08-20 20:03:37'),
	(307, 'Piazzetta', 10, '2018-08-20 20:03:37', '2018-08-20 20:03:37'),
	(308, 'Piazzetta', 10, '2018-08-20 20:03:37', '2018-08-20 20:03:37'),
	(309, 'Piazzetta', 10, '2018-08-20 20:03:37', '2018-08-20 20:03:37'),
	(401, 'Corridoio giardino', 10, '2018-08-20 20:03:37', '2018-08-20 20:03:37'),
	(402, 'Corridoio giardino', 10, '2018-08-20 20:03:37', '2018-08-20 20:03:37'),
	(403, 'Corridoio giardino', 10, '2018-08-20 20:03:37', '2018-08-20 20:03:37'),
	(404, 'Corridoio giardino', 10, '2018-08-20 20:03:37', '2018-08-20 20:03:37'),
	(405, 'Corridoio giardino', 10, '2018-08-20 20:03:37', '2018-08-20 20:03:37'),
	(406, 'Corridoio giardino', 6, '2018-09-14 17:45:50', '2018-09-14 17:45:50'),
	(501, 'Stanza 2 dx', 10, '2018-08-20 20:03:37', '2018-08-20 20:03:37'),
	(502, 'Stanza 2 dx', 10, '2018-08-20 20:03:37', '2018-08-20 20:03:37'),
	(503, 'Stanza 2 dx', 10, '2018-08-20 20:03:37', '2018-08-20 20:03:37'),
	(504, 'Stanza 2 dx', 10, '2018-08-20 20:03:37', '2018-08-20 20:03:37'),
	(505, 'Stanza 2 dx', 10, '2018-08-20 20:03:37', '2018-08-20 20:03:37'),
	(601, 'Stanza 1 dx', 10, '2018-08-20 20:03:37', '2018-08-20 20:03:37'),
	(602, 'Stanza 1 dx', 10, '2018-08-20 20:03:37', '2018-08-20 20:03:37'),
	(603, 'Stanza 1 dx', 10, '2018-08-20 20:03:37', '2018-08-20 20:03:37'),
	(604, 'Stanza 1 dx', 10, '2018-08-20 20:03:37', '2018-08-20 20:03:37'),
	(701, 'Stanza 1 sx', 10, '2018-08-20 20:03:37', '2018-08-20 20:03:37'),
	(702, 'Stanza 1 sx', 10, '2018-08-20 20:03:37', '2018-08-20 20:03:37'),
	(703, 'Stanza 1 sx', 10, '2018-08-20 20:03:37', '2018-08-20 20:03:37'),
	(801, 'Stanza 2 sx', 10, '2018-08-20 20:03:37', '2018-08-20 20:03:37'),
	(802, 'Stanza 2 sx', 10, '2018-08-20 20:03:37', '2018-08-20 20:03:37'),
	(803, 'Stanza 2 sx', 10, '2018-08-20 20:03:37', '2018-08-20 20:03:37'),
	(804, 'Stanza 2 sx', 10, '2018-08-20 20:03:37', '2018-08-20 20:03:37'),
	(805, 'Stanza 2 sx', 10, '2018-08-20 20:03:37', '2018-08-20 20:03:37'),
	(806, 'Stanza 2 sx', 10, '2018-08-20 20:03:37', '2018-08-20 20:03:37'),
	(901, 'Androne', 10, '2018-08-20 20:03:37', '2018-08-20 20:03:37'),
	(902, 'Androne', 10, '2018-08-20 20:03:37', '2018-08-20 20:03:37'),
	(903, 'Androne', 10, '2018-08-20 20:03:37', '2018-08-20 20:03:37'),
	(904, 'Androne', 10, '2018-08-20 20:03:37', '2018-08-20 20:03:37'),
	(999, 'Androne', 10, '2018-05-28 19:55:53', '2018-05-28 19:56:30');
/*!40000 ALTER TABLE `tavoli` ENABLE KEYS */;

-- Dump della struttura di tabella gestionale_giu2019.utente
CREATE TABLE IF NOT EXISTS `utente` (
  `username` varchar(20) NOT NULL,
  `password` char(32) NOT NULL,
  `gruppo` enum('amm','mag','cam') NOT NULL,
  `nome` varchar(45) NOT NULL,
  `cognome` varchar(45) NOT NULL,
  `email` varchar(75) NOT NULL,
  `tel_fisso` varchar(20) DEFAULT NULL,
  `tel_mobile` varchar(20) DEFAULT NULL,
  `foto` varchar(45) DEFAULT NULL,
  PRIMARY KEY (`username`)
) ENGINE=InnoDB DEFAULT CHARSET=utf8;

-- Dump dei dati della tabella gestionale_giu2019.utente: ~2 rows (circa)
/*!40000 ALTER TABLE `utente` DISABLE KEYS */;
INSERT INTO `utente` (`username`, `password`, `gruppo`, `nome`, `cognome`, `email`, `tel_fisso`, `tel_mobile`, `foto`) VALUES
	('daniele', '47477de04d78d5a360c5fda47a986955', 'amm', 'Daniele', 'Binucci', '', NULL, NULL, NULL),
	('pier_ferri', '201f00b5ca5d65a1c118e5e32431514c', 'amm', 'Pergiorgio', 'Ferri', '', NULL, NULL, NULL);
/*!40000 ALTER TABLE `utente` ENABLE KEYS */;

-- Dump della struttura di tabella gestionale_giu2019.zone
CREATE TABLE IF NOT EXISTS `zone` (
  `zona` varchar(50) NOT NULL,
  `data_creazione` timestamp NOT NULL DEFAULT CURRENT_TIMESTAMP,
  `data_aggiornamento` timestamp NOT NULL DEFAULT CURRENT_TIMESTAMP ON UPDATE CURRENT_TIMESTAMP,
  PRIMARY KEY (`zona`)
) ENGINE=InnoDB DEFAULT CHARSET=utf8;

-- Dump dei dati della tabella gestionale_giu2019.zone: ~16 rows (circa)
/*!40000 ALTER TABLE `zone` DISABLE KEYS */;
INSERT INTO `zone` (`zona`, `data_creazione`, `data_aggiornamento`) VALUES
	('Androne', '2018-08-20 20:03:37', '2018-08-20 20:03:37'),
	('Corridoio giardino', '2018-08-20 20:03:37', '2018-08-20 20:03:37'),
	('Giardino grande', '2018-08-20 20:03:37', '2018-08-20 20:03:37'),
	('Giardino piccolo', '2018-08-20 20:03:37', '2018-08-20 20:03:37'),
	('Piazzetta', '2018-08-20 20:03:37', '2018-08-20 20:03:37'),
	('Stanza 1 dx', '2018-08-20 20:03:37', '2018-08-20 20:03:37'),
	('Stanza 1 sx', '2018-08-20 20:03:37', '2018-08-20 20:03:37'),
	('Stanza 2 dx', '2018-08-20 20:03:37', '2018-08-20 20:03:37'),
	('Stanza 2 sx', '2018-08-20 20:03:37', '2018-08-20 20:03:37'),
	('Via Umberto I&amp;amp;amp;amp;amp;amp;deg;', '2018-06-15 17:47:25', '2018-06-15 17:47:25'),
	('Via Umberto I&amp;amp;amp;amp;amp;deg;', '2018-06-15 17:47:25', '2018-06-15 17:47:25'),
	('Via Umberto I&amp;amp;amp;amp;deg;', '2018-06-15 17:47:25', '2018-06-15 17:47:25'),
	('Via Umberto I&amp;amp;amp;deg;', '2018-06-15 17:47:25', '2018-06-15 17:47:25'),
	('Via Umberto I&amp;amp;deg;', '2018-06-15 17:47:25', '2018-06-15 17:47:25'),
	('Via Umberto I&amp;deg;', '2018-06-15 17:47:25', '2018-06-15 17:47:25'),
	('Via Umberto I&deg;', '2018-06-15 17:47:25', '2018-06-15 17:47:25'),
	('Via Umberto I°', '2018-06-15 17:47:25', '2018-06-15 17:47:25');
/*!40000 ALTER TABLE `zone` ENABLE KEYS */;

-- Dump della struttura di trigger gestionale_giu2019.orders_schedule_trigger
SET @OLDTMP_SQL_MODE=@@SQL_MODE, SQL_MODE='NO_AUTO_CREATE_USER,NO_ENGINE_SUBSTITUTION';
DELIMITER //
CREATE TRIGGER `orders_schedule_trigger` AFTER INSERT ON `ordini` FOR EACH ROW BEGIN
DECLARE iterator INT DEFAULT 0;
DECLARE cat ENUM('bevanda','piadina','bruschette e crostoni','pane e coperto','antipasto','primo','secondo','contorno','dolce');


SELECT categoria into cat FROM portata where nome_portata=NEW.portata;

IF cat = 'primo' OR cat= 'secondo' THEN
	WHILE iterator <= NEW.quantita DO
	     INSERT INTO programmazioneordini (serata, portata, tavolo, indice, stato, categoria) VALUES 
		  (NEW.serata, NEW.portata, NEW.tavolo, NEW.indice,1, cat);
	     SET iterator = iterator + 1;
	END WHILE;
END IF;

END//
DELIMITER ;
SET SQL_MODE=@OLDTMP_SQL_MODE;

/*!40101 SET SQL_MODE=IFNULL(@OLD_SQL_MODE, '') */;
/*!40014 SET FOREIGN_KEY_CHECKS=IF(@OLD_FOREIGN_KEY_CHECKS IS NULL, 1, @OLD_FOREIGN_KEY_CHECKS) */;
/*!40101 SET CHARACTER_SET_CLIENT=@OLD_CHARACTER_SET_CLIENT */;
